Comments,Comments_upvote,Time
This guy technically ruled the world for a time,208K,1 year ago
The track that broke YouTube's view counter and forced an upgrade.   Now at over 4 billion and counting.,1.1K,1 day ago
Didn't realize we have been listening to kpop since we were like 7 years old,140K,1 year ago 
Who came here because this randomly crossed your mind?,442K,1 year ago 
Bruh 8 years later and people are still listening to it ğŸ˜‚,100K,1 year ago 
Psy had every kid in school singing this song. So many memories,2K,5 days ago
RIP for the people who disliked this masterpiece,335,2 days ago
22nd August 2021: Let's see how many people are listening to this masterpiece.,156,1 day ago
"I remember when the comment section was normal, not a calendar..",54K,1 year ago
It's crazy how many people come back to this everyday . This song is legendary :  ),351,1 day ago
This song paved the happiest moments of my youth when my whole school danced wildly and energetically to the â€œOppa Gangnam Styleâ€ melody.,235,2 years ago
"2012: People come to listen to the song
2019: People come to see the views",35K,1 year ago 
"This Guy Literally Ruled The World For That Time
When We were Dancing Everywhere Like This at
7-8 years Old ğŸ˜",491,4 days ago 
Iâ€™m crying at this thereâ€™s so many fucking people ğŸ˜‚ itâ€™s like the clans assembling,449,1 week ago
"2021: Ğ¿Ğ¾Ğ¼Ğ½Ğ¸Ğ¼, ÑĞ»ÑƒÑˆĞ°ĞµĞ¼, Ğ¾Ğ±Ğ¾Ğ¶Ğ°ĞµĞ¼.
ĞŸĞ¾Ğ¼Ğ½Ñ, Ğ±ÑƒĞ´Ñ‚Ğ¾ ĞµÑ‰Ñ‘ Ğ²Ñ‡ĞµÑ€Ğ° ÑÑ‚Ğ¾ Ğ·Ğ²ĞµĞ½ĞµĞ»Ğ¾ Ğ² ĞºĞ°Ñ‡ĞµÑÑ‚Ğ²Ğµ Ñ€Ğ¸Ğ½Ğ³Ñ‚Ğ¾Ğ½Ğ° Ñ ĞºĞ°Ğ¶Ğ´Ğ¾Ğ³Ğ¾ Ñ‚ĞµĞ»ĞµÑ„Ğ¾Ğ½Ğ°.",44,2 days ago
"Man, I can actually see Kim Jung Un dancing to this.",6.4K,2 years ago
Ğ¯ ÑĞ¿ÑƒÑÑ‚Ñ 4 Ğ³Ğ¾Ğ´Ğ° Ğ²ÑĞ¿Ğ¾Ğ¼Ğ½Ğ¸Ğ»Ğ° ÑÑ‚Ñƒ Ğ¿ĞµÑĞ½Ñ.,4,3 days ago
ì˜¤ë¹¤ ìŠ¹ë¦¬ìŠ¤íƒ€ì¼ë¡œ ì‘ì›ê°€í•´ë³´ì„¸ìš”,4,19 hours ago
I can't believe I have been a kpop fan since 6 years old and can't believe after 9 ligit year's this song still has strong followings..ğŸ¤ŸğŸ¤™,2,23 hours ago
August 2021: Let's see how many people are listening to this masterpiece.,41,17 hours ago
"I'll be dammed if this video has aged well. Happy 7th, PSY.",906,2 years ago 
I have so many memories attached with this song,3,17 hours ago
August 22 2021: Let's see how many people are still listening to this masterpiece,29,2 days ago 
It's crazy how many people come to this every day. This song is legendary,13,13 hours ago
"yo baile y cante esto en mi infancia

este sin duda es el mejor kpop!!!",5,1 day ago
Letâ€™s go back to the time when weâ€™re all dancing to this song without even knowing itâ€™s Kpop.,371,1 month ago
Quien emplena pandemia 2021 tambiÃ©n escucha esta rolononon ğŸ™‹ğŸ»â€â™‚ï¸ saludos desde Acapulco guerrero MÃ©xico,4,2 days ago
O primeiro contato com K-pop ninguÃ©m esquece,3,2 days ago
"I have listening to this song since 2012, still this feels addictive. What a masterpiece ğŸ”¥. 

Edit: Still don't know the lyrics ğŸ˜‚",1,11 hours ago
This is a perfect masterpiece!,2,14 hours ago
Remember when this song broke world records and literally everyone knew this song ğŸ¤,321,6 months ago
"Ğ¢Ğ¾ Ñ‡ÑƒĞ²ÑÑ‚Ğ²Ğ¾, ĞºĞ¾Ğ³Ğ´Ğ° Ğ¿Ğ¾ÑĞ¼Ğ¾Ñ‚Ñ€ĞµĞ» ĞµĞ³Ğ¾, Ğ½Ğ°Ğ²ĞµÑ€Ğ½Ğ¾ Ğ² Ğ´ĞµÑÑÑ‚Ñ‹Ğ¹ Ñ€Ğ°Ğ·...",3,2 days ago
"ĞŸÑ€Ğ¾ÑˆĞ»Ğ¾ 9 Ğ»ĞµÑ‚, Ğ° Ğ¿ĞµÑĞ½Ñ Ğ¾Ğ³Ğ¾Ğ½ÑŒ, Ğ½Ğ¾ÑÑ‚Ğ°Ğ»ÑŒĞ³Ğ¸Ñ",66,4 days ago
God I love you apes (and the smooth brained popcorn koalas too ğŸ˜˜),10,1 week ago
La mejor canciÃ³n de todos los tiemposğŸ˜ğŸ”¥,2,14 hours ago
"Also, it's DFV's birthday today, makes sense for reddit to go down on this momentous occasion",407,2 months ago
"If Reddit keep going down like this, us apes are accidentally going to algorithm this back to YouTubeâ€™s recommended",99,5 days ago
Escreveu seu nome na histÃ³ria musical parabÃ©ns psy.,,1 day ago
This is like this rick rolling of Kpop. Back then we didn't knew it was Kpop but we still listened to it,3,1 day ago 
"People used to love k-pop without even this is k-pop. All credits to this song....
Saranghae ğŸ’œğŸ’œğŸ’œ",36,1 day ago
"Someone back in 2012: ""Can you understand what this song means?""

 Me: ""No, but I can feel it""",167,8 months ago
I love this song! Can't stop won't stop dancing!,4,1 week ago
Essa mÃºsica veiiiii ;#;  Que saudades desses anos...,,13 hours ago
This makes me laugh everytime reddit goes down.,44,5 days ago
"The 1st time i hearded that i was 8 years old , now it brings back memories but i still love this song",3,2 days ago
"This was a huge hit in 2012 , I remember that we didn't even have wifi in Algeria but everyone in my country knew this song we didn't even know that it was korean we thought that it was Russian there were people wearing T shirts of this song and everyone was listening to it although not everyone had smartphones and internet access but it was really famous among algerians.I was 12 years old back then",200,2 months ago 
Still remember every single word of this masterpiece ğŸ˜,1,1 day ago
"ê°•ë‚¨ ìŠ¤íƒ€ì¼ ~ 
ì•„ì§ê¹Œì§€ ë³´ê³ ìˆìŠµë‹ˆë‹¤ ã…‹ã…‹ã…‹WWWâ¤â¤â¤",2,1 day ago
"This song is masterpiece
Oh sorry k-pop is masterpiece ğŸ˜ğŸ’«",3,1 day ago 
August 22 2021 : let's see how many people  are  listening to this masterpiece,8,20 hours ago
"Itâ€™s crazy to see that 8 years later, people are still vibing to this song!",287,2 months ago
"Man, can't tell how much I love you apes!",6,5 days ago
"Ñ Ğ±Ñ‹Ğ»Ğ° Ğ² 5 ĞºĞ»Ğ°ÑÑĞµ, Ğ¿Ğ¾Ğ´ Ğ½Ğ¾Ğ²Ñ‹Ğ¹ Ğ³Ğ¾Ğ´ Ğ¾Ğ± ÑÑ‚Ğ¾Ğ¹ Ğ¿ĞµÑĞ½Ğµ Ğ·Ğ½Ğ°Ğ»Ğ¸ Ğ²ÑĞµ. Ñ…Ğ¾Ñ€Ğ¾ÑˆĞ¸Ğµ Ğ²Ğ¾ÑĞ¿Ğ¾Ğ¼Ğ¸Ğ½Ğ°Ğ½Ğ¸Ñ",,1 day ago 
I forget how hype this fukn song is ğŸ‘ğŸ¾ğŸ˜ŒğŸ‘ğŸ¾,7,5 days ago
When I found out my friend Kevin never seen this I knew we had to do a reaction video on this. It was fun seeing his first time watching this.,1,1 day ago
"Just like anime, I don't understand shit but I love it",162,2 years ago
Hello fellow apes ğŸ¦ğŸš€â€¦â€¦the background music is inspiring. I choose this over Reddit,12,1 week ago
Super song,86,14 hours ago
"My life is like Gangnam Style ,I don't understand anything  but I enjoy â¤ï¸ ğŸ˜",2,1 day ago
Shed a tear after remembering how good those days used to be as compared to today,1,1 day ago
Itâ€™s been 8 years and I still havenâ€™t bothered to learn what heâ€™s saying.,323,9 months ago
The only thing I love more than Gangnam style is GME and banana,11,1 week ago
Con razÃ³n de pequeÃ±o escuchaba esta mÃºsica y bailaba a lo loco xD,2,3 days ago
This song legendary from a my child,3,23 hours ago 
This song is so amazing ğŸ’œ,3,2 days ago
and now hyuna is signed to psy's company....,168,2 years ago
August 20 2021: let's see how many people are listening to this masterpiece,55,2 days ago 
I cant believe i almost forgot about this songğŸ”¥ğŸ”¥,3,3 days ago
"Don't worry , you are not the only one listening to this masterpiece in August, 2021â™¡...!",35,3 days ago
2019 y creo que nadie a superado este temazoâ™¡ Hyuna quedo perfecta en este MVğŸ’•ğŸ™†ğŸ»â€â™€ï¸,8,1 year ago
"Reddit being silly while the RRPs a trilly. Vol is less than a milly, but this bull is hella chilly while the MOASS got me feelin really",392,1 week ago
"Oof I was going to turn 6 yrs old in 2 days when this was released. I never really was a kpop fan but I guess I kinda liked this song and here I am now, commenting as a kpop stan (recently got into kpop this year). I still remember when everyone danced to this song...",2,1 year ago
O Primeiro KPOP Agente Nunca Esquece NÃ©! kkkkkkkkkk,1,10 hours ago
It's 2021 and it's still make me dance.,2,1 day ago
"Stan PSY!( no offense to other groups or anything, do not kill me. Knowing some of you can actually kill me for not liking any other K-pop artist. My friend tried to when I told her I don't like any other K-pop artist.)
Gold Memories!!",1,2 days ago 
The period when literally everyone knew about this song was CRAZY,334,5 months ago
Eskilerin en iyi ÅŸarkÄ±sÄ±... 2 yaÅŸÄ±mdan beri dinliyorum ve hala da seviyorm :Dddddd,,6 hours ago
OKAY EVEN THOUGH THIS WAS 9 YEARS AGO IT'S STILL A BOP,1,1 day ago
This is the most authentically Korean K-Pop song.,4,1 day ago
"Recordando canciones de nuestra infancia, ademas de ser el primer video en superar el billon",,51 minutes ago
I miss the old days when I used to dance to this on my school stage ğŸ˜‚,1.4K,2 years ago
One of the most songs that is going to be remembered ğŸ™‚,,1 hour ago
AquÃ­ recordando este exitoso tema del 2012.,,11 hours ago
its unforgettable just how big this was and still is,1,9 hours ago
This was a Hit song during our 9th standard   ğŸ˜ğŸ˜,2,1 year ago
"Kpop fan or not, you know the dance once this song is played. You can't say no, our childhood programed us to do so.",1.3K,1 month ago
Alguien que hable espaÃ±ol latino y que siga escuchando esta gran canciÃ³n en 2021?,10,1 week ago
This came out 7 yrs ago. ,27K,1 year ago
"9 years have passed and I still enjoy this song, this is my favorite â¤ï¸ğŸ’œ",1,10 hours ago
A 7 anos lanÃ§aram esse hino â¤ï¸â¤ï¸â¤ï¸â¤ï¸â¤ï¸ğŸ¥µğŸ¥µ,4,1 year ago
"Nobody:

Kim jong un while the world is suffering from coronavirus:",1.9K,1 year ago
I just started high school when this song came out. I feel old...,4,1 day ago 
Still listening to this masterpiece,2,6 days ago
This is a masterpiece that never gets oldğŸ˜ğŸ’™ğŸ’™ğŸ’™ğŸ’™ğŸ’œğŸ’œğŸ’œğŸ’œğŸ’œ,34,2 days ago
The rising of Kpop....... Legends never die!,2,4 days ago
When you realize that the song wasnt in English...,4.1K,1 year ago
Let's go Apes we were prepared for this moment!!! #MOASS,16,1 week ago
"N O S T A L G I A â¤ï¸

9 anos depois e nois tÃ¡ como ? Haha ğŸ‡§ğŸ‡·",1,20 hours ago
"Don't do drugs. Drugs are bad, m'kay.",40,1 week ago
This song brings so much memories !,1,13 hours ago
"Ahh..sweet memories, like it was yesterday when this song came out.",170,1 year ago
my life was completely stress free when this dropped,,1 day ago
"I have seen this video so many times now, when I am a gorillionaire, I am definitely remaking the video gangape style.",18,5 days ago
"Recuerdo estar en RevoluciÃ³n CDMX, con unos amigos y ver a la chaviza bailando en la explanada del monumento . Buenos tiempos.",,1 day ago
Man--- eu era viciada nessa mÃºsica,,3 hours ago
Y pensar que estÃ¡ fue realmente la primera canciÃ³n K-pop que escuche (sin saber que era K-pop realmente)ğŸ˜‚ğŸ’™ğŸ’™ğŸ¤—,186,2 years ago
"Mi niÃ±ez, que recuerdos tan lindos cuando ni sabÃ­a que era un coreano, pero ahora se que es y que es un dios, lo amo.",5,1 year ago
"Y saber que fue el primero coreano en escuchar, uuuufff joyitaaaaaaağŸ˜ğŸ‡ªğŸ‡¨",,2 days ago
"Personas normales: QUE ASCO EL KPOP!!!

MEDIA POBLACION MUNDIAL EN 2012 : OPPA GaNgNaM StylE!!!",62,1 week ago 
This song complete 9 year can't believe ğŸ˜³ğŸ˜µ ...I think I'm getting older and older ğŸ˜­,3,4 days ago 
We should have a Gangnam Style after party when the squeeze is over and pitch in for PSY to perform! Upvote if you agree! ğŸš€ğŸš€ğŸš€ğŸ¦,533,2 months ago
Nice jam to remind me I'ma be rich soon :),7,5 days ago
"NA MINHA ESCOLA, TAVA NO JARDIM 2, E OS GRANDÃƒO (4 ano) kkkkkkk DANÃ‡OU NO PÃTIO KKKKKKKKKK E FICAVA CANTANDO KSKSSKSKEK",,1 day ago
This era never gets old...,1,2 days ago
Heâ€™s a fucking legend in this crazy world,200,1 month ago
"Es un ğŸ’¥ inolvidable :""3",1,3 days ago
August 21let's see how many people are watching to this masterpicesğŸ‡³ğŸ‡µâ¤ï¸,3,1 day ago
This song is our school workout morning sound I remembered it in elementary daysâ¤ï¸,,23 hours ago
Still one of the greatest songs of all time. Glad it was part of my childhoodğŸ¤ª,1,1 week ago
Y aquÃ­ estoy despuÃ©s de 8 aÃ±os recordando estÃ¡ joyita :3,199,1 month ago
What a song ğŸ˜‚my memories go through childhood â¤ï¸â¤ï¸,1,1 week ago
Almost 10 years of this masterpiece,,19 hours ago
"This was the first Korean song 
So many memories",,1 day ago
Legends still here after 9 years!!ğŸ˜‚ğŸ˜‚,5,3 days ago 
This song is the best song in history.,181,1 month ago
I have a feeling this isn't the last time we meet here,14,5 days ago
He had the whole world in his palmâ€¦ THIS WAS THANOS BEFORE THANOS he just didnâ€™t snap his fingers in time,1,2 hours ago
1:55 i used to go crazy about this part as a teenager,2,14 hours ago
"I wish Psy made more world wide hits. He is funny af. Sure, in Koea he is still an icon, but in the world, he is a one hit wonder...",2,1 day ago
Really odd that the price crashes at the same time Reddit does.,288,2 months ago
We've got to HODL on to what we've got!!,9,1 week ago
"uff, que rola!!",1,1 day ago
Ğ Ğ´Ğ° Ğ´Ğ°Ğ¶Ğµ Ğ² 2021 Ğ³Ğ¾Ğ´Ñƒ ÑÑ‚Ğ¾ Ğ·Ğ²ÑƒÑ‡Ğ¸Ñ‚ Ğ¾Ñ„Ğ¸Ğ³ĞµĞ½Ğ½Ğ¾,1,1 day ago
"When reddit is down but youâ€™re still reddit
ğŸ‘€ğŸ‘ğŸ‘",21,1 week ago
I DON'T UNDERSTAND THE LANGUAGE BUT THE BEAT WAS JUST  FREAKING LITTTTTTTTğŸ”¥ğŸ”¥ğŸ”¥ğŸ”¥ğŸ”¥ğŸ”¥,203,2 years ago 
"This song -
Was a legend 
Is a legend 
Will always be a legend! â¤ï¸â¤ï¸ğŸ˜­",1,1 week ago
It is a masterpiece of all time,1,1 day ago
Que gran cancion esta la escuchaba en mi infancia :D este comentario es en espaÃ±ol :V,3,2 days ago
"Never realised that I've been listening to kpop from the age of 7, this song just randomly crossed my mind and I decided to see the entire video this time",1,1 week ago
AUGUST 2021 : Let's see how many people are still listening to this masterpiece,204,2 weeks ago 
"Ğ­Ñ…, Ğ±Ñ‹Ğ»Ğ¸ Ğ²Ñ€ĞµĞ¼ĞµĞ½Ğ°.....",2,1 week ago
Psy is behind the Reddit crash because he knows how much revenue he makes from us,14,5 days ago
The market is tanking! Oh snaaaaaaps. Canâ€™t wait to see the Reverse Repo high today!,15,5 days ago
I have no idea what heâ€™s saying but itâ€™s a banger,2,1 day ago
If we survive corona we most likely will be still watching this in 2040,190,1 year ago
I love this song so much!!,1,1 year ago 
I am listening this heritage of Koreans in August 20 in repeated times â¤ï¸â¤ï¸â¤ï¸,1,2 days ago
I've come from future. 2069 year. Still the the best song ever,1,1 day ago
Can't wait to listen to this song on repeat while reddit is down,388,3 weeks ago
"I'm crying, just because that music was always playing when I was a toddler. Is always good remember this song!ğŸ˜­ğŸ¥º",2,6 days ago
"No matter how many great hits come out, you know your gonna comeback to listen to this",,21 hours ago
Watching this at 0.50 speed is just absolutely amazing,2,4 days ago
"This song United then entire world and it still does.. it was until last year I realised this is actually kpop ğŸ˜‚.. but we all sang it energetically and followed his dance steps at ""oppa Gangnam Style"" !!!!!!!!",1,2 days ago
"Lol i love that this whole ""gangnam style backup thing"" actually works ğŸ˜‚",283,2 months ago
"PEACE AND LOVE APES!
WEâ€™RE ALL WAITING FOR OUR MILLIONS KENNY BOYYYYYYY",8,1 week ago
"If you havenâ€™t heard this song in your life I swear your probably like homeless or 3 years old.

You canâ€™t make me change my mind otherwise",6,1 day ago
This was the first Korean song I ever listened in my childhood till nowğŸ’ƒğŸ»,1,3 days ago
Honestly I canâ€™t believe itâ€™s been 9 YEARS since this song like omg time flies,1,3 days ago
When you come back to this song like 8 years later because you want and need nostalgia,453,1 year ago
O primeiro kpop a gente nÃ£o esquece,1,3 days ago
While we wait - how do you keep an ape in suspense?,9,1 week ago
Inb4 Reddit gets hacked and all GME related subs deleted in masses ğŸ˜‚,8,1 week ago
This is the first ever k-pop song I've heard without knowing it's a k-pop song.,1,1 week ago
Anyone back because Psyâ€™s godly voice was in â€œEarthâ€,188,2 years ago
"Valla, enserio ah pasado tanto desde que esto fue creado, que recuerdos",,17 hours ago
Aunque nos de pena admitirlo esta fue nuestra canciÃ³n favorita,1,23 hours ago
Still the best song in the history of the entire world,,2 days ago
PSY STILL OWN THE WORDğŸ’œ,1,2 days ago
Who cares about the lyrics if he makes everyone get addicted with his dance moves and music ğŸ˜‚,214,1 year ago
Masterpiece created by psy,2,4 days ago
Almost 10years and Iâ€™m still listening to you. Love this song. Youâ€™re Never Old Mr. GangNam StyleğŸ˜ğŸ˜ğŸ˜,,5 days ago 
Eramos tan felices y no lo sabiamos :(,1,22 hours ago
They stopped the amazing ramp up and reddit crashesâ€¦ coincidence?,11,5 days ago
This should be taught in history lessons,192,4 years ago
"As far as I can remember, we dance this in our graduation when I was kinder Garden,
Me: 5/6 years old",2,3 days ago
"Clasicaso UvU

Yo crecÃ­ escuchando esto ğŸ¥µğŸ¤™",,1 day ago
Isso Ã© mt minha Ã©poca.lembro que fassava essa musica na nick aÃ­ eu adorava e ficava cantando,,1 year ago
The floor will be 50 million here soon so excited ğŸš€,6,5 days ago
Mozart's been real silent ever since this came out.,304,4 months ago
I've been listening to this since I was 9 they played it in elementary and then there was this big roller skating party in 2014 when they played it everyone was on the rink the people outside danced. I love this song,1,1 week ago
This guy technically ruled the world for a time,1,1 day ago
When you suddenly remember this song after 9 years...,1,2 days ago
It's more than 9 years and we still can't get over *GANGNAM ERA* XD,24,3 days ago
The most popular song in the world and which everyone knows. It's very easy to rememberğŸ˜‚ğŸ˜‚ğŸ˜‚ğŸ˜‚,620,11 months ago
"9 Ğ»ĞµÑ‚ ÑƒĞ¶Ğµ Ğ¿Ñ€Ğ¾ÑˆĞ»Ğ¾, Ğ° Ğ¾Ñ‰ÑƒÑ‰ĞµĞ½Ğ¸Ğµ Ñ‡Ñ‚Ğ¾ Ğ½Ğµ Ğ±Ğ¾Ğ»ÑŒÑˆĞµ Ğ³Ğ¾Ğ´Ğ°",1,2 days ago 
Who Remember this Masterpiece Randomly ğŸ”¥,6,1 week ago
Oh nostalgia))) Ñƒ Ğ¼ĞµĞ½Ñ Ğ¿Ñ€Ğ¸ÑÑ‚ÑƒĞ¿ Ğ½Ğ¾ÑÑ‚Ğ°Ğ»ÑŒĞ³Ğ¸Ğ¸))),1,3 days ago
Still to this day I cannot believe this was my first ever KPOP song and I didnâ€™t even realize it as a child ğŸ˜‚ fuck I didnâ€™t even know what KPOP was until very later on,6,1 week ago
"remember when this song literally broke the internet, so many people were watching it the views couldnâ€™t keep upğŸ˜‚ğŸ˜‚",203,9 months ago
That Song is History,2,2 days ago
9 years have passed but I still enjoy watching this music video again â¤ï¸ğŸ¤©,,6 hours ago
"Gangnam Style saved my life. I was a lonely widow who had just lost my job, my heart broken by my boyfriend and lost my son to a violent murder. After that i have gained extreme depression. I had no money to pay my taxes and my house was near to getting demolished. I cried myself to sleep everynight. My family is dead and my sister faked her own death. Until, I was once scrolling through youtube as a music video to a song by the title ""Gangnam Style"" caught my eye immediately. As soon as the first melody played, I fell in love. My depression vanished and all my worries went away. I was able to finally see the true meaning to life with the help of this song. Thank you Psy for making such a wonderful song. I am now married with 3 kids, a beautiful husband and an amazing life. I am also a preschool teacher now and is now living the best life all thanks to ""Gangnam Style"".",4,1 week ago
"â€œWE APES STRONGâ€
Ceasear",5,1 week ago
How can this have 2.1 billion views when there are only 37 people in the world?,258,6 years ago
down in EU. fuckery never stops,21,3 days ago
"Ğ‘Ğ¾Ğ¶Ğµ, ÑÑ‚Ğ¾Ñ‚ ÑˆĞµĞ´ĞµĞ²Ñ€ Ğ½Ğ° Ğ²ÑĞµ Ğ²ĞµĞºĞ°",1,1 year ago
This song ruled the world in his prime time,1,2 days ago 
I heard this song almost 4 years ago and I still remember every single part,,1 year ago
Unpopular opinion: Everyone who disliked this song is absolutely mindless,161,10 months ago
You think if this came on everyone would still dance to it,681,1 year ago
What a masterpiece.,,1 day ago
Imagine if the song came out now my whole feed will literally be this ğŸ˜‚,1,6 days ago
"Saudades dessa Ã©poca, em que so dava pra escutar pela rÃ¡dioğŸ‡§ğŸ‡·",1,6 days ago
Love how nobody is negative here,353,2 months ago
I don't know why I suddenly remembered this song,2,3 days ago
Brings back the beat memories ğŸ¶,,15 hours ago
"22MilhÃµes de like, realmente impressionante",25,5 days ago
Me and my sisters would all gather around and listen to this when it first came out,1,3 days ago
"Not only Reddit, also Twitch and more. This is just a drill for the MOASS.",230,2 months ago
When I first time listened this song I didnt even image one day I go to Korea.But today Iâ€™m here in Korea and understand whole lyrics of the songğŸ¥²ğŸ¥²ğŸ‡°ğŸ‡·,,11 hours ago
I used to play this on all of my birthdays!!!,1,2 days ago
great song. love to listen to it. at southpaw cafe and community center.,,1 day ago
much as I love this version. Gangnam Style live at Seoul Plaza storms it for the pure joy of the crowd!,,1 year ago
Now Psy is a CEO and Hyuna is one of his artists. Who would have thought back then ? Cube X  YG,211,1 year ago 
It's still on Fireeeeeeee ğŸ”¥ğŸ”¥ğŸ”¥ğŸ”¥,2,2 days ago
ngl I'm getting a dopamine rush from the whole gang showing up. we out here.,41,1 week ago
TÃ´ aqui em 2019 sÃ³ pra matar a saudade de quando todo mundo ouvia k pop sem saber,9,1 year ago
I remember when no one knew what this guy was saying but everyone loved this song including me ğŸ˜‚,148,2 years ago
I still want this song to be the most viewed kpop forever,1,1 year ago
Man I can't even belive the fact that 2.8m people dislike this song,2,8 hours ago
Bruh its been 9 years and people still come back to listen to this song. That's just legendary...,,46 minutes ago 
We need PCtracer with the RRP! I think 1.09T,7,5 days ago
"Us: Listens to this LEGENDARY song
Also Us: Doesn't Understand a Thing",1K,1 year ago 
Legendary song!,2,1 week ago
Cada vez que la escucho me devuelve a mis 4 aÃ±os y ahora tengo 13 y este temazo sigue moviendo caderas :),,1 day ago
"The song that changed the entire society at its time
Legendary music
And it was beyond me before that he's a KPOP artist lmao",,3 days ago 
bateu aquela nostalgia voltei aqui,1,1 year ago
"Year 2072: Hey grandpa, what music did you used to listen when you were 10?

Me:",391,1 year ago 
Didn't realize we have been listening to kpop since we were like 7 years old,1,3 days ago
20 de agosto del 2021 y sigue siendo de lo mejor!,,1 day ago
"AÃºn recuerdo cuando me hacÃ­an bailar esta canciÃ³n, tiempos inolvidables.",1,1 year ago
O magrinho de amarelo danÃ§ando Ã© muito engraÃ§ado kkkk,1,2 days ago
"""Grandad, what was the music of your generation like?""
Me in 50 years: ""Let me show you the era-defining song. It's legends were whispered through the ages and across satirical meme pages. It's name? Gangnam Style.""",164,1 year ago
9 years later and it's still a banger,4,1 day ago
"9 years later, If you're still watching, then you're a legend.",17,21 hours ago
I never knew this was kpop until I actually searched the song.,2,1 day ago
Essa  mÃºsica Ã© muito boa velho ğŸ˜…ğŸ˜…ğŸ˜…ğŸ˜…,1,1 year ago
This is where a generation of Koreaboos was born.,368,1 year ago
"Don't worry, you are not the only one listening to this Masterpiece in August 2021â¤ï¸",1,2 days ago
"This was playing in my brother's toy car and I wished I could know the name of this masterpiece ,, and finally found this here. But shocking is this is k-pop ,, I thought it something Spanish or European language ,,ğŸ’œğŸ’œ",,15 hours ago
We all must agree that Psy was the first K-pop oppa we all ever saw,1,1 week ago
"From working with PSY to be represented by him. Wow Hyuna, how curious life is",4,1 year ago
"We've all trained for this guys. Remember the plan checks notes err...buy and....errrr...HODL....yep, buy and hodl",441,2 months ago
"merci cette music ma aider a me remettre de mon choc mental 

codialement un joueur qui est mort 21 fois tout seul sur brawlhalla",2,3 days ago
This song is a Legendâ¤,,6 days ago
My one year old is now obsessed with this song!,1,1 year ago
Surprisingly this song came on my 6 birthday ğŸ˜ƒ,2,2 days ago
"Wow I remember listening to this song dancing and now I'm like ""This song will never go out of style""",170,1 year ago
Such a dope beat. Never gets old ğŸ‘Œ,,1 year ago
"First yahoo financial down, now reddit down. Ken, we'll find out if you're hiring hackers.",19,5 days ago
this beat is just sick ğŸ”¥ğŸ”¥,,1 year ago 
I remember old days when we all danced to this song not knowing that it's kpop,,1 day ago
I just realized this is the first kpop sng i listened to and Hyuna is in it at 2:16 holy...,332,2 years ago
This is how my true kpop journey started hahahahaha!!! Throwback to 2012!,,1 day ago
"23/11/2019 ğŸ¶ğŸ¶ğŸ†™ğŸ•ºğŸ»ğŸ•ºğŸ» Musica boa da porra, ouÃ§o desde o lanÃ§amento ğŸ˜",,1 year ago 
"Great song, even in 2021. I Like it very much!",2,3 days ago
ĞšĞ°Ğº Ğ±ÑƒĞ´Ñ‚Ğ¾ ĞµÑ‰Ñ‘ Ğ²Ñ‡ĞµÑ€Ğ° ÑÑ‚Ğ¾ Ğ±Ñ‹Ğ»Ğ¾ ÑĞ°Ğ¼Ğ¾Ğ¹ Ğ¿Ğ¾Ğ¿ÑƒĞ»ÑÑ€Ğ½Ğ¾Ğ¹ Ğ¿ĞµÑĞ½ĞµĞ¹),,2 days ago
"I still remember the lil me listening to this bc everyone was at that time, and i loved it so much. And then maybe 3-4 years later, discovering kpop, and knowing that it's kpop... I felt so stupid honestly ğŸ˜‚ğŸ˜‚",154,2 years ago
I remember when I was about 10 years old and I used to hear this song,1,3 days ago
This song deserves 6 billion views,2,1 year ago
This song will never get old,1,2 days ago
aah the good olden days ;â€™),2,1 day ago
Remember when this was the shit and everyone was playing Minecraft? Yeah I wish we could go back,169,1 year ago
"Ne dinlerdik ama
Bu dansÄ± yapmayÄ± herkes hayatÄ±nda 1 kez denemiÅŸtir",1,1 day ago
This guy can single handedly beat BTS period,1,1 day ago 
9 years laters people are still listening to it ğŸ”¥ğŸ˜‚,2,6 days ago
Whoâ€™s still here to bring back memories from the old days ğŸ˜‚ I hope Iâ€™m not the only one!,342,5 months ago
"3 o'clock in the morning listening to this created wonder, anyone else? 

Salve prÃ³s Br",2,1 week ago
Canâ€™t understand a word still love it...,,1 year ago
"Every one sing this song with their own lyrics except ""gangnam style"" ğŸ˜‚ğŸ˜‚",2,1 week ago 
Amor atÃ© hoje essa mÃºsica minha primeira mÃºsica do kpop eu tinha 8 anos agora tenho 13 e sou apaixonada por essa mÃºsica do psy,,1 year ago
"Who else out there expected this, but still  didn't sell?",266,2 months ago
Letâ€™s thank this song for providing us with the best YouTube rewind of all time,,1 year ago
"Bro esto me trae muchÃ­simos recuerdos incluso recuerdo que hice la coreografÃ­a con mi hermano,si no tuvimos una buena infancia",1,1 year ago
Ah... down again... I feel like I can smell the moon! Weâ€™re so closeğŸ¦,16,5 days ago
Woke up this morning with this in my head after not hearing it for like 7 yearsğŸ˜‚ all the memories are coming back,,1 year ago
"After this song, the Internet revolution had just begun...
Legend has it that people still give throwbacks to this song.",339,2 years ago
Me and my Friends in the 2nd grade during Recess We Turned this on and started dancing to it. You Would think the Teachers would get mad because I got a Phone In school  but there were just laughing at me and the Whole Dancing behind me ğŸ˜‚ğŸ˜‚,2,1 day ago 
La escuchÃ¡bamos en 3 grado que recuerdos ğŸ¥²ğŸ¥²ğŸ¥²,1,1 week ago
August 21 2021:) Let's see how many people are listening to this Masterpiece.,1,1 day ago
"9 year's after this song first came aut and still know the lyrics 

Eaven tho I don't know what I'm saying ğŸ¤£",,13 hours ago
"One: What's your first K-pop song? 
Two: Blood, sweat and tears. 
Three: Dope 
Four: This.... ",154,1 year ago 
we dont realize it but he was the person who made kpop what it is now,3,1 day ago
"I used to listen to this when I was 7, now I'm almost 13ğŸ˜‚",1,4 days ago
I had laughed lots when I listened it in the beginning ğŸ˜it's so hard to understand me what he is trying to say ğŸ˜Still I don't understand but it's joyful to listen ğŸ˜,,5 days ago
Saudades Desse Tempo Quando Tinha Essa Musica Quando Eu Era Pequeno Eu Gostava Tanto Dessa Musica Eu DanÃ§ava Tanto Esse clipe Eu Era Muito Fan Dessa Musica E Um Tempo que nÃ£o Volta Mais,,3 days ago
Canâ€™t believe this masterpiece is 9 years old.,178,6 months ago 
Alguien en 2019 recordando este Ã©xito? ğŸ˜µğŸ˜‚,48,1 year ago
"The fact that people are still commenting a lot is proof of the brilliance of this song.
I tip my hat to you, good sir!",1,1 year ago
My 7 year old is now dancing to this. So the Gangham Style will live on in the next generation!,2,2 days ago
"ĞŸĞ¾ÑĞ»ĞµĞ´Ğ½Ğ¸Ğ¹ Ñ€Ğ°Ğ· Ñ Ğ±Ñ‹Ğ» Ñ‚ÑƒÑ‚ 2016 Ğ³Ğ¾Ğ´Ñƒ, ÑÑ… Ğ²Ñ€ĞµĞ¼Ñ Ñ‚Ğ°Ğº Ğ±Ñ‹ÑÑ‚Ñ€Ğ¾ Ğ»ĞµÑ‚Ğ¸Ñ‚ ğŸ˜",,23 hours ago
when i was small i always wondered who that pretty gorl on the train was... now i know its nothing less than the queen of kpop HYUNA,160,2 years ago
I can't stop watching this video when im 5 years old,3,2 days ago
this is the type of Kpop I can approve of,1,3 days ago
"August 21 2021, let's see how many people are listening to this masterpiece",1,1 day ago
Memories flowing through my head,,1 year ago
"100% PSY
100% KPOP
100% ADDICTIVE
100% GANGNAM STYLE",154,8 months ago
"If you ever feel disappointed, remember that some ppl disliked this song",1,15 hours ago
This song bring back memories ğŸ¥²,,10 hours ago
VIX up almost 20% to 18,10,5 days ago
I've been to so many anime cons where people are dancing to this song! True icon!,1,2 days ago
That kid dancing is now the most popular kid in probably high school now.,278,1 year ago
"I heard this song 
The whole day 
My mind = "" open ganam style ğŸ˜ğŸ¶ğŸµ """,1,1 day ago
"2012- one of best trending song
2021-sameğŸ¤ª",3,12 hours ago
Psy must being making a killing off of these views .?!?! And hopefully buying gme with the cash to join us on the moon.!,10,5 days ago
Once upon a time this song ruled YouTube . Now also I like to listen to it.,,7 hours ago
"X: who is the kpop king?
army: BTS
NCTzen: NCT
V.I.P: BIGBANG",417,1 year ago
First kpop song I ever heard. Thank you PSY,,3 days ago
musicas com danÃ§as assim surgem a cada decada kkkkk,,3 days ago
Just this one song / video should have garnered ' lifetime achievement awards ' for all those involved in it's creation.,1,2 days ago
When I was little I saw the West Indies cricket team dancing on this.... and I believed for a long time that this was their song ğŸ˜‚,1,1 week ago
I love how this got so popular even though most people who watch this cant even understand what he is saying,158,5 years ago
It's been 9 years but this masterpiece still feels new,1,1 day ago
This guy technically ruled the world for a time,1,3 days ago
"awww it brings me memories T^T this person is the one who introduced me into kpop, love him much",1,1 year ago
"Me and my friends used to do the gangnam dance everyday for fun as kids.


Good times.",,3 days ago
"Gangnam Style:
October 22, 2020
Views:  3.8 Billion
Likes:  18M",175,10 months ago
"man, i miss the good old days.",,2 days ago
aca recordando este temazo en casi 2022,1,4 days ago
My daughter was humming this today during breakfast - LFG! Moon soon!,1,1 week ago
"Man 2012 was a good year for the internet, I remember when everyone was desperately trying to make this the most viewed video on youtube ğŸ˜‚",1,1 year ago
"This song: used to be at parties

Now: people listening in quarantine",465,1 year ago 
no other song on youtube deserves to be top spot,,1 day ago
"This just popped into my head and I just had to come get a fix, man I love this",,1 day ago
When I was 8 or 9 I was obsessed with this song the nostalgia,,3 days ago
"ĞœĞ´Ğ°, Ñƒ Ğ¼ĞµĞ½Ñ Ñ‰Ğ°Ñ Ğ´Ğ²Ğ° Ğ½Ğ¾Ñ‡Ğ¸, Ğ° Ğ¼Ğ½Ğµ Ñ…Ğ¾Ñ‡ĞµÑ‚ÑÑ Ñ‚Ğ°Ğ½Ñ†ĞµĞ²Ğ°Ñ‚ÑŒ Ğ¿Ğ¾Ğ´ ÑÑ‚Ğ¾Ñ‚ ÑˆĞµĞ´ĞµĞ²Ñ€",,3 days ago 
Anyone else waiting for this to hit 3 billion?,268,4 years ago
Me and and dad used used to vibe to this on my way to school 8 years ago...this really brings back memories... unfortunately my father passed away 2 years ago..,,1 week ago
Alguien 2021. Exitaso hit mundial,2,1 day ago
I remember the whole class would sing this song and not know it was kpop we all had good times with this and I would sing it in my version because I didn't know the lyricsğŸ˜‚,,2 days ago 
Instead of preparing myself for a upcoming test and here i am dancing to this masterpiece,,1 day ago
Esta canciÃ³n la bailaba en el 2012 sin saber que en el futuro estarÃ­a enamorada de media industria kpop ;-;,196,4 months ago
A masterpiece that will be listened by all ages forver . Forever gagnam style for me ğŸ¥°â˜ºï¸,1,23 hours ago
"Eu dancei isso na festa da junina da ecola. Meu Deus, foi muito legal.",,3 days ago
Just recollection of childhood memories,,1 day ago
"Still a classic.

Edit: huh, just realized it's past midnight, officially August 16th, officially my birthday....ğŸ¤” ğŸ˜… ğŸ‚",1,1 week ago 
"Queen Hyuna â™¥ï¸
To think that now they are under the same label",153,2 years ago 
"Just keep holding, just keep holding, what do I do, I hold...",6,1 week ago
Psy is proof that you don't need to be in Korean beauty standards.  You can be a singer if u have talent,,2 days ago
Lan ne gÃ¼nlerdi Bee aÄŸlÄ±cam,2,3 days ago
"The satisfying bestseller temporally wander because underpants functionally manage via a amazing step-sister. ubiquitous, scared drama",,18 hours ago
All the dislikes are from people who didnâ€™t listen to this back in 2012,540,2 months ago
Even after 9 Legends are still listening to this song,,3 days ago
i remember bopping to this shit as a kid,1,1 year ago
I havent watched this since the year it came out so it feel like a parody of the  david so's parody which I have seen a decent amount more since it came out,1,1 day ago
Most funniest and greatest song in Japan I can ever see,1,1 week ago
"Its funny how this song is one of the most popular songs in the world even when only like 0,5 % of the world understands the lyrics",233,3 years ago
"Sir, our cyber attack has only emboldened the apes even more! ğŸ˜¨",16,5 days ago
This song will NEVER DIE PSY is a legend.,6,1 year ago
"I was 27 when i first heard this song,now i am 18.Time flies.",1,1 year ago
"and to think that this is the first kpop song that 90% of the new generation of kpop fans heard... 

psy really did own the world with this",,1 year ago
"Someone: Name legendary Korean people
People: BTS, EXO, iKon, 2ne1
Me: Is Psy enough?",209,2 years ago
"I remember dancing to this in elementary school dances. So long ago. I wonder why my school let the song play, especially when it contains the words ""sexy lady"" which is language not meant for 7, 8 and 9 year olds, plus it objectifies women. Maybe my school just guessed it would go over kids' heads, which it did.",,5 hours ago
Give him some blessings to do an another video like this ğŸ¤ª,,13 hours ago
Antes de conocer el kpop yo me sabÃ­a esta canciÃ³n y nunca supe de quien era hasta hace 4 aÃ±os ya que escuche el kpop en el 2018 y me hice army y ya veo que psy la hizo y yo tipoğŸ¤¡ğŸ¤¡ estÃ¡ cancion nunca pasa de moda ğŸ‘ŒğŸ‘ï¸ğŸ‘„ğŸ‘ï¸ğŸ¤™ğŸƒ,,5 hours ago
"who is still listening to this song until August 2021?
if you are still listening to this masterpiece until now, you are a legend âœ¨",2,2 days ago 
turns out we've all been k pop fans this whole time,598,2 years ago
i can't believe Hyuna is in this video and now she's in Psy's company :') my mind is blown,1,1 year ago 
I used to listen to this all the time,1,1 day ago
"the only relevant kpop song, the greatest korean song of all time",2,2 days ago
"Let's be honest, we all searched for this.",2,1 day ago
"Y pensar que tengo un disco con este tema,lo escuchÃ³ desde pequeÃ±a",156,2 weeks ago
Esos tiempos donde todo el mundo la escucha (todavia),1,1 year ago
I would love to go back to 2012... damn,2,2 days ago
OMG jamÃ¡s superarÃ© este video con el conocÃ­ el K-popğŸ‘ŒğŸ˜€,,1 year ago
"When he said â€œæˆ‘è¦ºå¾—â€ 
I felt that",91,1 year ago
"ĞŸĞ¾Ñ‡ĞµĞ¼Ñƒ Ñ Ğ²ÑĞ¿Ğ¾Ğ¼Ğ½Ğ¸Ğ»Ğ° Ğ¿Ñ€Ğ¾ ÑÑ‚Ñƒ Ğ»ĞµĞ³ĞµĞ½Ğ´Ñƒ Ñ‚Ğ¾Ğ»ÑŒĞºĞ¾ ÑĞµĞ¹Ñ‡Ğ°Ñ? Ğ­Ñ…, Ğ½Ğ¾ÑÑ‚Ğ°Ğ»ÑŒĞ³Ğ¸Ñ. Ğ¯ Ğ¿Ğ¾Ğ¼Ğ½Ñ, ĞºĞ°Ğº Ñ ĞµÑ‘ Ğ² Ğ¿ĞµÑ€Ğ²Ğ¾Ğ¼ ĞºĞ»Ğ°ÑÑĞµ ÑĞºĞ°Ñ‡Ğ°Ğ»Ğ° Ğ½Ğ° Ñ‚ĞµĞ»ĞµÑ„Ğ¾Ğ½ Ğ¸ ÑĞ»ÑƒÑˆĞ°Ğ»Ğ°ğŸ˜¢ğŸ˜‚ĞšÑÑ‚Ğ°Ñ‚Ğ¸, ÑÑ‡Ğ¸Ñ‚Ğ°Ğ»Ğ° ÑĞµĞ±Ñ ÑĞ°Ğ¼Ğ¾Ğ¹ ĞºÑ€ÑƒÑ‚Ğ¾Ğ¹ ğŸ˜ ",166,1 year ago 
"Listening on August 12 2021, my 3 year old granddaughter loves to dance to the music !",1,1 week ago
"ahh such nostalgia, back when youtube wasn't trying to go after the creators :D",,1 year ago
"reddit was down? damn, i splept through it. nice to be european",7,1 week ago
this song just come up on my mind and im now chillin' to the vibe,,1 week ago
These hedgefunds are fucked. They are using every stock and GME Is holding strong ğŸ’ª,173,2 months ago
This video shows that  Music is a language That is understood by Everyone,1,1 year ago
ì›”í´ë…¸ë˜â€¦,8,1 day ago
The fact some babies love this song I don't know why,,26 minutes ago
"â€œHoney! Those gorillas are back again! Canâ€™t you do something about it?â€ â€“ â€œReddit wonâ€™t be down for long. They arenâ€™t hurting anyone, just leave them be.â€",8,5 days ago
I havenâ€™t heard this for like 5 years,509,6 months ago
"I love these video, I listen several times I never get bored, I love the rhyth, the style but I don't understand the language.",,1 week ago
This song and video will always be iconic,,6 minutes ago
La clave en las fiestas infantiles  ğŸ¤ğŸ”Š,,1 year ago 
"When I was younger I thought Kpop was the strangest shit ever just like this and now Iâ€™m a full on kpop stan and I think psy is a legend
How things have changed",,1 year ago
"The gangnam move is like the dad of the whip, nae, dab, woah",397,2 years ago
Thi-This is GOLD!,1,1 day ago
This is nostalgic,,7 hours ago
"Bruhh now it's 2021, i miss the old dayğŸ¥º",2,2 days ago
"Oh my god, I was seven when this came out and I remember all the parodies that were made, good olâ€™ times...",1,1 year ago
"Me: Looking at old music I use to listen to while itâ€™s 3 in the morning. 
Title: gangnam style
Me: Ah shit here we go again..",149,2 years ago 
"This song is my whole childhood. And only today do i find out its in korean. 

( renembers the time the principle danced to this )",1,1 year ago 
I still remember the time when this song was the only one in the world with 1 Billion views.,1,1 year ago
"reddit was being a bit slow, so naturally i checked in LETS GOOO",7,5 days ago
"Me looking at the date of release:

Shit i feel so freaking old now.",30,1 year ago
I didnâ€™t even know this was k pop back then,160,2 years ago
"this rytham never goes out of your mind
i promise",,6 days ago
"That Cowboy dude is either really happy that he is in the clip, really surprised he made it into the clip or really surprised that someone swapped a person for his horse just before the doors opened.",,1 year ago
I don't understand anything but it's so cool feeling like dancing in my mind. .. Oppa Gangnam style ğŸ˜‚ğŸ˜‚ğŸ˜ğŸ’•,1,1 day ago
So good! ğŸ¥°ğŸ’œ,1,4 days ago
I'll gonna tell my kids that this guy teached me how to ride a horse,245,1 year ago 
"Esta fue la primera canciÃ³n coreana que escuche, en ese entonces ni siquiera sabia que era coreana Waaa XD
Me entere que era coreana cuando entre en el mundo del K-pop",,4 hours ago 
I couldâ€™ve been listening to kpop back then ğŸ˜­ I never knew this was kpop bro,1,2 days ago
Recien hoy en 2021 veo este video de esta cancion que escuche tanto en radio. Una maravilla. Con razon tantas visitas. Exelente psy !!,,4 hours ago
i used to listen a lot when i was little,1,4 days ago
Funny thing is that most of the people donâ€™t know that this is Kpop lol,464,1 year ago
"Wow!! I rocked this song thenğŸ˜ğŸ˜ğŸ˜†ğŸ˜†ğŸ˜†
Memories",1,6 hours ago
engraÃ§ado que antigamente todo mundo ouvia kpop  e nimguÃ©m reclamava,1,1 year ago
ì´ê²Œ ì§„ì§œ ì¼€ì´íŒì´ë‹¤. ë°©íƒ„ì´ëƒ ë¸”í•‘ì´ëƒ ê·¸ì „ì— ì‹¸ì´í˜•ë‹˜ê»˜ì„œ ê³„ì…¨ë‹¤... ì´ê²Œ ì§„ì§œ ì¼€ì´íŒì¸ë° ìš”ì¦˜ ì¼€ì´íŒì€ ì´ˆì‹¬ì„ ìƒì—ˆìŒ. ê°•ë‚¨ìŠ¤íƒ€ì¼ì²˜ëŸ¼ ì „êµ­ë¯¼ì„ ëŒì–´ë“¤ì´ëŠ” ê·¸ëŸ°ê²Œ ì—†ìŒ. ë‰´ìŠ¤ì—ì„  ë°©íƒ„ë°©íƒ„ ìµœê³ ë‹¤ ë°©ì†¡í•´ëŒ€ë„ ì •ì‘ ê·¸ ë…¸ë˜ë“¤ì€ ë“£ëŠ” ì‚¬ëŒë“¤ë§Œ ë“£ì§€,6,1 day ago
"Woah I did not expect to see everyone hereâ€¦? Is this song now un ironically  good?  

I was subliminally sent here from a dank pods hello kitty MP3 player video lmao",2,4 days ago
"When the teacher left back in the days


Everyone in class: Elevator scence",769,1 year ago
"When the shorts close, will we ever come back here? Stay tuned",10,5 days ago
"1:02 to 1:10 Psy temperature heat is 99'celcius raised, hence those members are blastedğŸ˜ğŸ˜ğŸ˜ğŸ˜",,1 week ago 
Today's BTS generation never understand the hype of this song ğŸ˜ğŸ˜‚...,1,2 days ago
remember when I would bump this song around Korea town. shit was lit af!,1,1 week ago
Those 2.1 million dislikes are angry moms that are tired of hearing this song over and over again,258,2 years ago
August 21 2021:let's see how many peoples are listening to this masterpiece,2,1 day ago
this was everyone's jam back in first grade lmfao,,1 year ago
2019 & still a Banger...,,1 year ago
Who else is still listening to this absolute banger,1,3 days ago
Before there was Despacito,157,2 years ago
"Great song of all time 
Love from world ğŸŒğŸŒğŸŒğŸŒ",,1 week ago 
2007-2012 such good years man ğŸ’¯,,1 year ago
Love this song i heard it from years ago,,1 year ago
Nostalgia is killing me. This is basically the song of the decade,1,1 year ago
"Lil nas X:â€our music video is the most popular thing everâ€

PSY:â€how adorableâ€",236,2 years ago
I just wanted to come back and rewatch and have nostalgia,,1 year ago
"This song released in 2012. iam studying 8th standard ğŸ˜€
But
First time iam watching official MvğŸ˜ƒ
ğŸ’œâœŒï¸",1,2 days ago
When i first heard this i was 4 years old now i am 15,2,1 day ago 
"Holy shit, time goes fast. I remember the first days of this song, what a hit it was ! But didn't like it.  I grew up but it gives me nostalgia this time, not cringy feels.",,1 year ago
"Yo a los 10 aÃ±os: TEMAZOOO ğŸ˜ğŸ‘ğŸ¤‘
Yo ahora con 19 aÃ±os: TEMAZOOO ğŸ˜ğŸ‘ğŸ¤‘",156,4 months ago
nostalgia is the one word that describes this song,,16 hours ago
After moasss we should all party to this song ğŸ¶,7,5 days ago
Legendary song â¤ï¸,,6 days ago
"August twenty second, the time is 2:02 central, the year is 2021
Psy has surprised half the worlds population  in solely views in one video
The memories are beginning to flood",,1 day ago
Despacito may have highest number of views......but Gangnam style holds record of having highest comments on YouTube!!!!!!,453,2 years ago
I love the toilet part when I was a kid it made me laugh slot.,,1 day ago
the kpop idol we all respect,1,1 day ago
I was the generation who gangnamed styled throughout the school years.,3,1 week ago
This takes me all the way back to middle school.. awesome song ğŸ¶ here in august 2021 you guys r real legends,1,1 week ago
"Existem basicamente 5 milhÃµes de comentÃ¡rios. Se vocÃª achar que Ã© uma lenda, HOLY CRAP .. thanks",167,1 year ago
KEEP STREAMING YALL THIS IS FOR THE SAKE OF MY CHILDHOOD,1,1 day ago
Time flies so fast. I remember this song played everywhere in Philippines. Iconic ğŸ˜‚ So funny coz many peoplewere not open to Kpop during those time.,,1 year ago
The only kpop song that i can accept,1,15 hours ago
"2012 a crazy yet simpler time ...
*Cries cause nostalgia",,1 year ago
My yearly tradition of watching it at least once a year,160,3 years ago
"This song has become a historical song, 4 Billion Views Sir did it on this possible.",2,1 day ago
20th August 2021 : Let's see how many fans hearing this song ğŸ”¥,1,2 days ago
"9 years later, I am still hearing this.",1,1 day ago
We gotta make this the most viewed video on youtube again,1,8 hours ago
"Mario Party:
*Everyone is killing each other*
That one CPU controlled player:",466,5 months ago
"To this day, I don't know what the lyrics in the video mean, but I managed to memorize every single word perfectly",,1 year ago
"...*gangnam style*... it echoes through your head, you canâ€™t resist..you enter YouTube, you click the search bar..it starts..
your life has been fulfilled.
thank you for playing.",2,6 days ago
how is kenny able to turn off whatever subreddit he wants at anytime,1,5 days ago
"So anyone remember a time when this song first came out and it was rising up as one of the most viewed videos of all time, and it has a little dancing psy by the video counter? Like I didnâ€™t dream that that was real, and does anyone else remember that?",1,1 year ago
When you realised this is the first kpop mv you have watched and not the bts Fake love,582,2 years ago
Warms my heart knowing they canâ€™t every stop the apes from communicating,13,5 days ago
"At some point of time 
Every one had created their own language while singing/dancing to this songğŸ˜‚ğŸ˜‚ğŸ˜‚
(Including me)
Never knew that the lyrics were in korean",1,3 days ago 
even 95% of the world didn't understand a word This song is/was a vibe,1,2 days ago
Essa mÃºsica entrou pra histÃ³ria.,1,6 days ago
POV: This was the first ever K-Pop song youâ€™ve probably heard before but never realized it,245,9 months ago
"""August 23 let's see how many people are still listening to this masterpiece. By far the beautiful song ever even after 9 years""",,9 minutes ago
"""August 23 let's see how many people are still listening to this masterpiece. By far the beautiful song ever even after 9 years""",,10 minutes ago 
A TRUE MASTERPIECE,,1 year ago
This song is incredible,,2 days ago
In 2012 my school went god dang crazy about this song I miss dem times ;-;,189,2 years ago
It's shaking my leg when listening this music  everyday,,3 days ago
I miss when good songs like this was popular here in Norway,,1 year ago
Jamming to this as a kid,1,1 year ago
I wish the Island that I live on could have a train as nice as that.,,1 day ago
Remember when every time we had a school party we had this song on repeat,285,1 year ago
"So many memories!!!!!!!!!!!!!! This song is legendary,  sweet memories..in school, in party`s singing this song .",1,2 days ago
"The MOASS is real and about to happen. Buckle up, we're going to the moon.ğŸš€",2,1 week ago
I am listening this song Everyday this Song is CrazyğŸ˜‚ğŸ˜,,4 days ago
I see theyâ€™re changing up the down time again. Interesting.,7,5 days ago
BUY AND HODL ğŸš€ğŸš€,295,3 months ago
"I remember even when I got a tablet for the first time, this was the only music video preinstalled in it.",3,4 days ago
Everyone has at least 1 memory with this song lol,,1 day ago
I was 3 years when my dad used to play this song for me god old memoriesğŸ¥²ğŸ¥²,1,8 hours ago
Cada vez que pasan los aÃ±os se va haciendo mÃ¡s buenas esta rolağŸ¶nunca pasarÃ¡ de moda ğŸ’˜,,3 days ago
Admit you came here to check the views on the song,4.3K,6 years ago
August 20 2021 : Let's see how many people are listening to this masterpiece,1,2 days ago
I was 6 when the song cames out ğŸ˜‚ it was my ABSOULUTLY FAVOURITE SONG (and still is),,1 year ago
"Lembro ate hj qnd isso lanÃ§ou e explodiu, algum br?ğŸ‡§ğŸ‡·ğŸ‡§ğŸ‡·ğŸ‡§ğŸ‡·ğŸ‡§ğŸ‡·",2,1 week ago
EL TEMAZO DE LOS CUMPELAÃ‘ITOS JAKAHSKSJSK,2,6 days ago
I just realized that Hyuna is the girl who appears with Psy.,246,7 months ago
I remember when the song used to be popular everyone in my school used to listen to and danced all around with this,,1 year ago
i remember dancing this when i was 2-3 and now im 11ğŸ˜­,,2 days ago
This is the best k-pop song,2,2 days ago
ĞĞ¾ Ğ´Ğ¸ÑĞ¿Ğ°ÑĞ¸Ñ‚Ğ¾ Ğ¾Ğ½ Ğ½Ğµ Ğ¿ĞµÑ€ĞµĞ³Ğ½Ğ°Ğ»ğŸ˜,2,1 year ago
"with 3 billions of views , psy must be realllly rich rn",205,2 years ago
This song is a mood,1,1 hour ago
"As for me, I like the stock",7,5 days ago
"Ladies and Gentlemen - This is the song that turns juice into wine, PJ's into suits, apartment buildings into mansions and depression into power",,12 hours ago
"North Korea: we are starving.
South Korea: yes.",197,1 year ago
I remember back like 8 years ago when I remembered all the damn lyrics of this song lol,,1 year ago
"Daily $GME Shareholder Meeting Thread 
Wednesday 8/11/21

Mods, can we get this stickied please?",6,1 week ago
This is my first time hearing this song ğŸ˜‚,1,4 days ago
"A k pop star can bring your mind in other world ğŸ™„
Now we are part of it.",2,3 days ago
â€œAll rise for our national anthemâ€,209,4 months ago
This song will last forever ğŸ’,,1 minute ago
Koreans â¤ the stonk ğŸ˜‰ğŸ¦ğŸš€,13,1 week ago
BIR ZAMANIN EFSANE ÅARKISI,,5 days ago
I remember when I was 5 in school and didnâ€™t know this song wasnâ€™t English ğŸ˜ƒâœŒï¸,,3 days ago
This guy really introduced kpop into the western world lmfao.,359,10 months ago
I just randomly remembered this song and came back,29,1 year ago
Heâ€˜s a fucking legend,1,3 days ago
Who suddenly remembered this song in 2019,272,1 year ago
When I was in my school days this song broke the whole internet and as ringtone !! A spl song after long time I'm watching this epic !!â¤ï¸PSY,,1 day ago
"7 years ago, only my sister and mom had a smartphone with proper internet connection and my father had one without internet.. I insisted my mother and sister to give me their phone so I could listen to this but they refused since they thought I would break it lol. 
But every time I got the phone, I would listen to this song without knowing the language and dance to it... Not knowing this was kpop..",161,6 months ago
I just want to know what the new RRP is!,5,5 days ago
Now this is 2021 Agust. I'm listening this master piece,1,2 days ago
Nostalgia âœ¨,,4 hours ago
Now THIS is good kpop,1,5 days ago
"Y'all be saying "" BTS paved the way , EXO paved the way , blackpink paved the way "" 
When PSY was the first who paved the way to all of those.
PeRiOdT PeRiOdT",203,1 year ago
i almost forgot this existed,2,1 year ago
We played this in class the other day and OH MY GOD THE NOSTALGIA!!,,1 year ago
My childhood right here 2002-2004 represent,2,1 year ago
Love that I can post here about GME at leastâ€¦ moonboundâ€¦,2,1 week ago
"Lets be honest, we donâ€™t understand a word this man is saying.",534,10 months ago 
This brings back childhood memories AHSHHAHA competing who did the best dance cover of this lol HAHSHAHHA,,1 week ago
This song I have listen more than 100 times,1,4 days ago
This is my fav party song i listened when i was only 4 years old didnt even know song name my big cousin told me this and now i am back here after 7 yearsğŸ˜,,3 days ago
August 19 2021 : letâ€™s see whoâ€™s watching this beautiful creation.,1,3 days ago
I remember in 2012 running around in recess doing the dance ğŸ¤¦â€â™‚ï¸,155,1 year ago
Here we go again boys.... OPPA GANGNAM STYLE,8,1 week ago
"this is very iconic, i used to dance this a lot back then when i was in gr school 

just sharin",,1 year ago 
No posts on Reddit for the last 2 hours? Somethin smells fucky.,16,1 week ago
me gusta mas con la colaboraciÃ³n con Hyuna tremenda Diosa,19,1 day ago
Ok but where is the little kid dancer now in 2020? Like he better be a pro dancer,531,1 year ago
Took me 6 damn years to realise that this is a kpop songğŸ‘€,,12 hours ago
"this was my childhood song, now im a kpop stan",2,1 year ago
"bruh the only thing that will remind me of this is tubbo- with the ""oh no he's DEAD?! *gangdam style plays*""",,1 day ago
"I like how this was most popular in America, but yet not a single American speaks Korean.",11,2 days ago
The most famous K-pop ğŸ‘,163,2 years ago
i remember when this was new :) good times,,1 year ago
Peace! Jesus Christ loves u and He really wants To save u too amen. God Bless /Chuk-Bok-iğŸ™âœï¸,,3 days ago
Its been almost 10 years and now I realised its k popğŸ˜…,1,14 hours ago
This is the song of my childhood,1,1 day ago
"3019 social studies teachers:
""Ok kids, lets watch a historical video to learn about what happened around 1000 years ago.""",280,2 years ago 
lowkey this still goes so hard,2,1 year ago
The times I used to listen to kpop without knowing its kpopğŸ’€,,3 days ago
NOSTALGIA!!!!!! ğŸ˜­,,1 day ago
".. Aquellos aÃ±os, tan rÃ¡pido que pasaron..ğŸ™‚",1,1 week ago
Appears crypto is being liquidated to fund the shorts.,220,2 months ago
Tribute to the legend psy for this song,1,1 year ago
ê°•ë‚¨ìŠ¤íƒ€ì¼ ë‚˜ì˜¨ê²Œ ë²Œì¨ 7ë…„ì´ ë„˜ì—ˆë„¤. ì°¸ ì‹œê°„ ë¹ ë¥´ë‹¤. ê°•ë‚¨ìŠ¤íƒ€ì¼ ê°™ì´ ê²½ì¾Œí•˜ê³  ì¬ë°ŒëŠ” ë…¸ë˜ê°€ ì•ìœ¼ë¡œë„ ë‚˜ì™”ìœ¼ë©´ ì¢‹ê² ìŒ. ì‹¸ì´ í™”ì´íŒ…!!!,1,1 year ago
The legendery song thats makes my childhood awesome,,11 hours ago
crazy to think this was my first kpop song,1,1 day ago
"Understanding: 0.1%
Remembering:99.9%",790,2 years ago 
"the theme song of filipino parties and karaokes during 2012 no lie, i can still remember the dance from when the titas and ninangs would rally all us kids to dance to it. nostalgia",,1 year ago
"when i was 5 years old in an apartment with my mom my dad i listen to this every night then i got tired of it but coming back to it for 4 years later is life remembering so i guess ""cool""",,1 year ago
Esse com certeza Ã© o Ãºnico k-pop que todo o mundo gostou,1,1 year ago
I dont know why but this song is just a masterpiece 20aug2021,,3 days ago
"I miss my elementary daysâ¤
Still listening in 2019?",162,2 years ago
"Esta canciÃ³n no se supera nunca, te amamos papa psy",4,6 days ago
Reddit down ... Kenny let get my daily fix of confirmation bias ffs,6,3 days ago
"PSY and Oppa Gangnam Style will always live in our hearts.  This masterpiece song has caused revolution in the song world once and for all. It isn't so popular now, but I will always listen it. ğŸ’—ğŸ’—ğŸ’—",1,3 days ago 
"There is almost 5 million comments,if you find me you are Extraordinary",13,1 year ago
Bateu Saudade de Escutar kk,310,2 years ago
Saw an insta reel of psy performing on this and came hereğŸ˜‚ğŸ˜‚ğŸ˜…,1,18 hours ago
Ahh come on after 9 years still listening this though I don't understand any lyricsğŸ˜‚ğŸ˜‚,,28 minutes ago
I just remembered how much I love this song. Anybody else still here?,,1 year ago
"Fun fact :- when I was literally 5 years old and didn't know what the word kpop was back then I had gangam style slippers, and I didn't know that I was in kpop since 2012ğŸ’œğŸ˜…
Okay why the hell I was soo stupidğŸ˜¶ğŸ˜‘",1,5 hours ago 
dang six years I came to see the first kpop song I ever listened to,310,2 years ago 
"Now ,,, I start listening to this song from my new phone ......ğŸ˜",2,2 days ago
This was my childhood favorite song still is haven't played this song is forever ğŸ”¥ğŸ”¥ğŸ”¥ğŸ”¥ğŸ”¥ğŸ˜­ğŸ’•,5,6 days ago
10/08/21: wow casi una dÃ©cada de esto,,2 days ago
"In Long queues
Nobody:

My mind after 10 minutes - it's gangnam style",359,6 months ago 
Best korean song ever created,1,2 days ago
I'm sure I alone can make 1m+ view to PSY in  whole lifeğŸ¤­ğŸ¤­ğŸ˜‚,1,1 day ago
Panic bought 22 gme more,13,5 days ago
Legends are still listening after 9 yearsğŸ¤£ğŸ¤£ğŸ˜ğŸ˜,1,2 days ago
Amc & gme to the moon!!! They cannot silence us!ğŸ¦ğŸ¦ğŸ¦ğŸ¦ğŸš€ğŸš€ğŸš€ğŸš€ğŸŒšğŸŒšğŸŒšğŸŒš,266,3 months ago
I remember every at my school dancing when this was played using loud speakers lmao,,1 week ago
Omg Iâ€™m the only who is trying to remember this year with this song?? Jajajaja,1,3 days ago
Joder temazo del 2012 ğŸ˜ğŸ‘Œ,,1 day ago
Ahora veo este video otra vez y me doy cuenta... Su fama resultÃ³ en lo bizarro del video y lo pegadizo de la canciÃ³n... JAJAJAJA no mms q pedazo de joya.,,1 year ago
"nostalgia: 100%
webadas(regueton):0%
lisuras: no se xd",316,11 months ago
ItÂ´s 2021 and i am still coming back to this song sometimes,,1 day ago
"Walter Bloomberg just tweeted â€œThe company told Bloomberg that it is preparing for another ""black swan event"" and inviting customers to pay for its data analysis software in gold.â€ The Company is Palantir and they accepted $50.7M in gold bars.",11,5 days ago
i am into kpop thingy since I knew twice and I just knew that psy adm 2ne1 already filled my childhood t_t,1,1 year ago
"I listened this song 1,000 timesğŸ’¥ğŸ’¥ğŸ’¥ğŸ’¥ğŸ‘ŒğŸ‘ŒğŸ‘ŒğŸ‘ŒğŸ‘ŒğŸ‘ŒğŸ‘Œ",,2 days ago 
2:42 Psy shows us how to correctly cross a road.,259,5 years ago
To be honest this made what music videos are today,4,3 days ago
How and why is there so many comments from 2021? Like what is everyone doing here? Including me? I remember this song basically ruled the world at some point and you couldnâ€™t be in school for one day without seeing someone do the danceğŸ˜…ğŸ˜… good times,2,17 hours ago
"The asian version of ""Never gonna give you up"" but better",1,1 year ago
I believe this video opened most people's eyes to kpop.,1,1 year ago
I can't believe it's already been 4 years!,152,4 years ago
This is the only kpop song I actually like,1,1 day ago
22 De Agosto Del 2021 ğŸ˜¼ esa canciÃ³n se puede decir que es mi infancia,,21 hours ago
So this was the real open conam star,2,11 hours ago
"AGOSTO de 2021, reciÃ©n vacunado y disfrutando la canciÃ³n",1,2 days ago
We bring it the Moon Baby ğŸš€ğŸš€ğŸš€ğŸ™ŒğŸ’,225,3 months ago
No kpop group can beat this song,1,2 days ago
This will be the MOASS anthem...ğŸ’ğŸ‘ğŸ¦ğŸ’ğŸ‘ğŸ¦ğŸ’ğŸ‘ğŸ¦,30,1 week ago
HÉ™lÉ™dÉ™ qulaÄŸ asan  var bu mahniya,1,1 day ago
"Like: Gangnam style

Comment: DespacitoğŸ˜•ğŸ˜·",63K,1 year ago
