,Brand Name,Product Name,Rating,Price,Product URLs
0,NuWallpaper,"NuWallpaper NUS2215, Neutral Wheat Grasscloth Peel & Stick Wallpaper",4.4 out of 5,-,https://www.amazon.com/gp/slredirect/picassoRedirect.html/ref=sspa_dk_detail_9?ie=UTF8&adId=A00237536FNPPS8WFCQB&qualifier=1639236518&id=2041728757531760&widgetName=sp_detail&url=%2Fdp%2FB09CTHPQT5%2Fref%3Dsspa_dk_detail_9%3Fpsc%3D1%26pd_rd_i%3DB09CTHPQT5%26pd_rd_w%3DNmgqH%26pf_rd_p%3D9fd3ea7c-b77c-42ac-b43b-c872d3f37c38%26pd_rd_wg%3DzdwKP%26pf_rd_r%3DW8EJFZJZR9DGP0H0Z0NP%26pd_rd_r%3D79e0fff2-b0a2-4f0d-a05a-194daffc4e0e
1,Lxcreat,LXCREAT Peel and Stick Wallpaper Stripe Removable Wallpaper 17.71 in X 118 in Black/White Self Adhesive Wallpaper Modern Durable for Home Decoration Old Furniture Renovation,4 out of 5,-,https://www.amazon.com/gp/slredirect/picassoRedirect.html/ref=sspa_dk_detail_9?ie=UTF8&adId=A00237536FNPPS8WFCQB&qualifier=1639236518&id=2041728757531760&widgetName=sp_detail&url=%2Fdp%2FB09CTHPQT5%2Fref%3Dsspa_dk_detail_9%3Fpsc%3D1%26pd_rd_i%3DB09CTHPQT5%26pd_rd_w%3DNmgqH%26pf_rd_p%3D9fd3ea7c-b77c-42ac-b43b-c872d3f37c38%26pd_rd_wg%3DzdwKP%26pf_rd_r%3DW8EJFZJZR9DGP0H0Z0NP%26pd_rd_r%3D79e0fff2-b0a2-4f0d-a05a-194daffc4e0e
2,-,393”×18” Gray White3D Brick Contact Paper Self Adhesive Stick and Peel Paper Stick Paper Brick Wallpaper Roll Peel Stick Textured White Gray Brick Wallpaper Brick Removable Wallpaper Vinyl Film,4.2 out of 5,-,https://www.amazon.com/gp/slredirect/picassoRedirect.html/ref=sspa_dk_detail_9?ie=UTF8&adId=A00237536FNPPS8WFCQB&qualifier=1639236518&id=2041728757531760&widgetName=sp_detail&url=%2Fdp%2FB09CTHPQT5%2Fref%3Dsspa_dk_detail_9%3Fpsc%3D1%26pd_rd_i%3DB09CTHPQT5%26pd_rd_w%3DNmgqH%26pf_rd_p%3D9fd3ea7c-b77c-42ac-b43b-c872d3f37c38%26pd_rd_wg%3DzdwKP%26pf_rd_r%3DW8EJFZJZR9DGP0H0Z0NP%26pd_rd_r%3D79e0fff2-b0a2-4f0d-a05a-194daffc4e0e
3,Differme Company Limited,"Blooming Wall Black White Elegant Modern Lotus Lily Leaf Peel and Stick Wallpaper Self-Adhesive Prepasted Wallpaper Wall Mural Wall Decor (17.7“x118”, Black/White)",4.4 out of 5,-,https://www.amazon.com/gp/slredirect/picassoRedirect.html/ref=sspa_dk_detail_9?ie=UTF8&adId=A00237536FNPPS8WFCQB&qualifier=1639236518&id=2041728757531760&widgetName=sp_detail&url=%2Fdp%2FB09CTHPQT5%2Fref%3Dsspa_dk_detail_9%3Fpsc%3D1%26pd_rd_i%3DB09CTHPQT5%26pd_rd_w%3DNmgqH%26pf_rd_p%3D9fd3ea7c-b77c-42ac-b43b-c872d3f37c38%26pd_rd_wg%3DzdwKP%26pf_rd_r%3DW8EJFZJZR9DGP0H0Z0NP%26pd_rd_r%3D79e0fff2-b0a2-4f0d-a05a-194daffc4e0e
4,LXCREAT,Marble Contact Paper White/ Black Granite Marble Wallpaper 17.71 in x 78.7 in Thicken Peel and Stick Wallpaper Self Adhesive Waterproof Home Decor for Kitchen Countertop Drawers Cabinet Backsplash,No Rating,-,https://www.amazon.com/gp/slredirect/picassoRedirect.html/ref=sspa_dk_detail_9?ie=UTF8&adId=A00237536FNPPS8WFCQB&qualifier=1639236518&id=2041728757531760&widgetName=sp_detail&url=%2Fdp%2FB09CTHPQT5%2Fref%3Dsspa_dk_detail_9%3Fpsc%3D1%26pd_rd_i%3DB09CTHPQT5%26pd_rd_w%3DNmgqH%26pf_rd_p%3D9fd3ea7c-b77c-42ac-b43b-c872d3f37c38%26pd_rd_wg%3DzdwKP%26pf_rd_r%3DW8EJFZJZR9DGP0H0Z0NP%26pd_rd_r%3D79e0fff2-b0a2-4f0d-a05a-194daffc4e0e
5,Graham & Brown,Graham & Brown 32-659 Superfresco Easy Crocodile Black Wallpaper (paste the wall product),4.7 out of 5,-,https://www.amazon.com/gp/slredirect/picassoRedirect.html/ref=sspa_dk_detail_9?ie=UTF8&adId=A00237536FNPPS8WFCQB&qualifier=1639236518&id=2041728757531760&widgetName=sp_detail&url=%2Fdp%2FB09CTHPQT5%2Fref%3Dsspa_dk_detail_9%3Fpsc%3D1%26pd_rd_i%3DB09CTHPQT5%26pd_rd_w%3DNmgqH%26pf_rd_p%3D9fd3ea7c-b77c-42ac-b43b-c872d3f37c38%26pd_rd_wg%3DzdwKP%26pf_rd_r%3DW8EJFZJZR9DGP0H0Z0NP%26pd_rd_r%3D79e0fff2-b0a2-4f0d-a05a-194daffc4e0e
6,"Dongguan Haok Home Decoration Co.,Ltd",HaokHome MR47 Peel and Stick Wood Wallpaper Shiplap Light Grey/White/Blue Distressed Wood Plank Removable Wallpaper Self-Adhesive 17.7in x 9.8ft…,4.4 out of 5,-,https://www.amazon.com/gp/slredirect/picassoRedirect.html/ref=sspa_dk_detail_9?ie=UTF8&adId=A00237536FNPPS8WFCQB&qualifier=1639236518&id=2041728757531760&widgetName=sp_detail&url=%2Fdp%2FB09CTHPQT5%2Fref%3Dsspa_dk_detail_9%3Fpsc%3D1%26pd_rd_i%3DB09CTHPQT5%26pd_rd_w%3DNmgqH%26pf_rd_p%3D9fd3ea7c-b77c-42ac-b43b-c872d3f37c38%26pd_rd_wg%3DzdwKP%26pf_rd_r%3DW8EJFZJZR9DGP0H0Z0NP%26pd_rd_r%3D79e0fff2-b0a2-4f0d-a05a-194daffc4e0e
7,NuWallpaper,NuWallpaper NUS3144 Grey Breezy Peel & Stick Peel and stick wallpaper,4.6 out of 5,-,https://www.amazon.com/gp/slredirect/picassoRedirect.html/ref=sspa_dk_detail_9?ie=UTF8&adId=A00237536FNPPS8WFCQB&qualifier=1639236518&id=2041728757531760&widgetName=sp_detail&url=%2Fdp%2FB09CTHPQT5%2Fref%3Dsspa_dk_detail_9%3Fpsc%3D1%26pd_rd_i%3DB09CTHPQT5%26pd_rd_w%3DNmgqH%26pf_rd_p%3D9fd3ea7c-b77c-42ac-b43b-c872d3f37c38%26pd_rd_wg%3DzdwKP%26pf_rd_r%3DW8EJFZJZR9DGP0H0Z0NP%26pd_rd_r%3D79e0fff2-b0a2-4f0d-a05a-194daffc4e0e
8,"Dongguan Haok Home Decoration Co.,Ltd",HaokHome 96020-1 Modern Stripe Peel and Stick Wallpaper Herringbone Black White Vinyl Self Adhesive Decorative 17.7in x 9.8ft,4.6 out of 5,-,https://www.amazon.com/gp/slredirect/picassoRedirect.html/ref=sspa_dk_detail_9?ie=UTF8&adId=A00237536FNPPS8WFCQB&qualifier=1639236518&id=2041728757531760&widgetName=sp_detail&url=%2Fdp%2FB09CTHPQT5%2Fref%3Dsspa_dk_detail_9%3Fpsc%3D1%26pd_rd_i%3DB09CTHPQT5%26pd_rd_w%3DNmgqH%26pf_rd_p%3D9fd3ea7c-b77c-42ac-b43b-c872d3f37c38%26pd_rd_wg%3DzdwKP%26pf_rd_r%3DW8EJFZJZR9DGP0H0Z0NP%26pd_rd_r%3D79e0fff2-b0a2-4f0d-a05a-194daffc4e0e
9,"Dongguan Haok Home Decoration Co.,Ltd",HaokHome 93042 Peel and Stick Wallpaper Green/White Eucalyptus Leaf Floral Wall Mural Home Nursery Boho Decor 17.7in x 9.8ft,4.5 out of 5,-,https://www.amazon.com/gp/slredirect/picassoRedirect.html/ref=sspa_dk_detail_9?ie=UTF8&adId=A00237536FNPPS8WFCQB&qualifier=1639236518&id=2041728757531760&widgetName=sp_detail&url=%2Fdp%2FB09CTHPQT5%2Fref%3Dsspa_dk_detail_9%3Fpsc%3D1%26pd_rd_i%3DB09CTHPQT5%26pd_rd_w%3DNmgqH%26pf_rd_p%3D9fd3ea7c-b77c-42ac-b43b-c872d3f37c38%26pd_rd_wg%3DzdwKP%26pf_rd_r%3DW8EJFZJZR9DGP0H0Z0NP%26pd_rd_r%3D79e0fff2-b0a2-4f0d-a05a-194daffc4e0e
10,Wallpops,NuWallpaper NU2875 Grassweave Cream Peel and Stick Wallpaper,4.4 out of 5,-,https://www.amazon.com/gp/slredirect/picassoRedirect.html/ref=sspa_dk_detail_9?ie=UTF8&adId=A00237536FNPPS8WFCQB&qualifier=1639236518&id=2041728757531760&widgetName=sp_detail&url=%2Fdp%2FB09CTHPQT5%2Fref%3Dsspa_dk_detail_9%3Fpsc%3D1%26pd_rd_i%3DB09CTHPQT5%26pd_rd_w%3DNmgqH%26pf_rd_p%3D9fd3ea7c-b77c-42ac-b43b-c872d3f37c38%26pd_rd_wg%3DzdwKP%26pf_rd_r%3DW8EJFZJZR9DGP0H0Z0NP%26pd_rd_r%3D79e0fff2-b0a2-4f0d-a05a-194daffc4e0e
11,NuWallpaper,"NuWallpaper NU2679 Mirei Peel & Stick Wallpaper, Taupe",4.6 out of 5,-,https://www.amazon.com/gp/slredirect/picassoRedirect.html/ref=sspa_dk_detail_9?ie=UTF8&adId=A00237536FNPPS8WFCQB&qualifier=1639236518&id=2041728757531760&widgetName=sp_detail&url=%2Fdp%2FB09CTHPQT5%2Fref%3Dsspa_dk_detail_9%3Fpsc%3D1%26pd_rd_i%3DB09CTHPQT5%26pd_rd_w%3DNmgqH%26pf_rd_p%3D9fd3ea7c-b77c-42ac-b43b-c872d3f37c38%26pd_rd_wg%3DzdwKP%26pf_rd_r%3DW8EJFZJZR9DGP0H0Z0NP%26pd_rd_r%3D79e0fff2-b0a2-4f0d-a05a-194daffc4e0e
12,-,"Wood Wallpaper 17.71"" X 118"" Self-Adhesive Removable Wood Peel and Stick Wallpaper Decorative Wall Covering Vintage Wood Panel Interior Film Wood Wallpaper",4.5 out of 5,-,https://www.amazon.com/gp/slredirect/picassoRedirect.html/ref=sspa_dk_detail_9?ie=UTF8&adId=A00237536FNPPS8WFCQB&qualifier=1639236518&id=2041728757531760&widgetName=sp_detail&url=%2Fdp%2FB09CTHPQT5%2Fref%3Dsspa_dk_detail_9%3Fpsc%3D1%26pd_rd_i%3DB09CTHPQT5%26pd_rd_w%3DNmgqH%26pf_rd_p%3D9fd3ea7c-b77c-42ac-b43b-c872d3f37c38%26pd_rd_wg%3DzdwKP%26pf_rd_r%3DW8EJFZJZR9DGP0H0Z0NP%26pd_rd_r%3D79e0fff2-b0a2-4f0d-a05a-194daffc4e0e
13,cooldon,"Vintage Floral Peel and Stick Wallpaper Green Contact Paper Retro Self-Adhesive Rustic Wall Paper Rustic Blooming Flower Modern Removable Wallpaper Natural Bathroom Shelf Drawer 17.7"" x 472""",4.2 out of 5,-,https://www.amazon.com/gp/slredirect/picassoRedirect.html/ref=sspa_dk_detail_9?ie=UTF8&adId=A00237536FNPPS8WFCQB&qualifier=1639236518&id=2041728757531760&widgetName=sp_detail&url=%2Fdp%2FB09CTHPQT5%2Fref%3Dsspa_dk_detail_9%3Fpsc%3D1%26pd_rd_i%3DB09CTHPQT5%26pd_rd_w%3DNmgqH%26pf_rd_p%3D9fd3ea7c-b77c-42ac-b43b-c872d3f37c38%26pd_rd_wg%3DzdwKP%26pf_rd_r%3DW8EJFZJZR9DGP0H0Z0NP%26pd_rd_r%3D79e0fff2-b0a2-4f0d-a05a-194daffc4e0e
14,FuLWth,"White Grasscloth Wallpaper Peel and Stick 15.7""x236""Textured Wallpaper Self-Adhesive Wallpaper Removable White Contact Paper Embossed Vinyl Film for Cabinet Shelf Paper",No Rating,-,https://www.amazon.com/gp/slredirect/picassoRedirect.html/ref=sspa_dk_detail_9?ie=UTF8&adId=A00237536FNPPS8WFCQB&qualifier=1639236518&id=2041728757531760&widgetName=sp_detail&url=%2Fdp%2FB09CTHPQT5%2Fref%3Dsspa_dk_detail_9%3Fpsc%3D1%26pd_rd_i%3DB09CTHPQT5%26pd_rd_w%3DNmgqH%26pf_rd_p%3D9fd3ea7c-b77c-42ac-b43b-c872d3f37c38%26pd_rd_wg%3DzdwKP%26pf_rd_r%3DW8EJFZJZR9DGP0H0Z0NP%26pd_rd_r%3D79e0fff2-b0a2-4f0d-a05a-194daffc4e0e
15,cooldon,"17.7""x472"" Geometric Wall Paper Roll Peel and Stick Wallpaper Modern Black and Gold Wallpaper Self Adhesive Removable Waterproof Wallpaper Decorative Paper for Bedroom,Bathroom, Kitchen & Furniture",4.4 out of 5,-,https://www.amazon.com/gp/slredirect/picassoRedirect.html/ref=sspa_dk_detail_9?ie=UTF8&adId=A00237536FNPPS8WFCQB&qualifier=1639236518&id=2041728757531760&widgetName=sp_detail&url=%2Fdp%2FB09CTHPQT5%2Fref%3Dsspa_dk_detail_9%3Fpsc%3D1%26pd_rd_i%3DB09CTHPQT5%26pd_rd_w%3DNmgqH%26pf_rd_p%3D9fd3ea7c-b77c-42ac-b43b-c872d3f37c38%26pd_rd_wg%3DzdwKP%26pf_rd_r%3DW8EJFZJZR9DGP0H0Z0NP%26pd_rd_r%3D79e0fff2-b0a2-4f0d-a05a-194daffc4e0e
16,WENMER,WENMER 17.71 Inchx118 Inch Geometric Hexagon Wallpaper Peel and Stick Wallpaper Removable Self Adhesive Wallpaper Vinyl Film Shelf Paper & Drawer Liner Roll for Home Use,4.5 out of 5,-,https://www.amazon.com/gp/slredirect/picassoRedirect.html/ref=sspa_dk_detail_9?ie=UTF8&adId=A00237536FNPPS8WFCQB&qualifier=1639236518&id=2041728757531760&widgetName=sp_detail&url=%2Fdp%2FB09CTHPQT5%2Fref%3Dsspa_dk_detail_9%3Fpsc%3D1%26pd_rd_i%3DB09CTHPQT5%26pd_rd_w%3DNmgqH%26pf_rd_p%3D9fd3ea7c-b77c-42ac-b43b-c872d3f37c38%26pd_rd_wg%3DzdwKP%26pf_rd_r%3DW8EJFZJZR9DGP0H0Z0NP%26pd_rd_r%3D79e0fff2-b0a2-4f0d-a05a-194daffc4e0e
17,NuWallpaper,NuWallpaper NU3038 Groovy Garden Navy Peel & Stick Wallpaper,4.6 out of 5,-,https://www.amazon.com/gp/slredirect/picassoRedirect.html/ref=sspa_dk_detail_9?ie=UTF8&adId=A00237536FNPPS8WFCQB&qualifier=1639236518&id=2041728757531760&widgetName=sp_detail&url=%2Fdp%2FB09CTHPQT5%2Fref%3Dsspa_dk_detail_9%3Fpsc%3D1%26pd_rd_i%3DB09CTHPQT5%26pd_rd_w%3DNmgqH%26pf_rd_p%3D9fd3ea7c-b77c-42ac-b43b-c872d3f37c38%26pd_rd_wg%3DzdwKP%26pf_rd_r%3DW8EJFZJZR9DGP0H0Z0NP%26pd_rd_r%3D79e0fff2-b0a2-4f0d-a05a-194daffc4e0e
18,Abyssaly,Abyssaly White Gray Wood Paper 17.71 in X 118 in Self-Adhesive Removable Wood Peel and Stick Wallpaper Decorative Wall Covering Vintage Wood Panel Interior Film for Christmas Decoration,4.4 out of 5,-,https://www.amazon.com/gp/slredirect/picassoRedirect.html/ref=sspa_dk_detail_9?ie=UTF8&adId=A00237536FNPPS8WFCQB&qualifier=1639236518&id=2041728757531760&widgetName=sp_detail&url=%2Fdp%2FB09CTHPQT5%2Fref%3Dsspa_dk_detail_9%3Fpsc%3D1%26pd_rd_i%3DB09CTHPQT5%26pd_rd_w%3DNmgqH%26pf_rd_p%3D9fd3ea7c-b77c-42ac-b43b-c872d3f37c38%26pd_rd_wg%3DzdwKP%26pf_rd_r%3DW8EJFZJZR9DGP0H0Z0NP%26pd_rd_r%3D79e0fff2-b0a2-4f0d-a05a-194daffc4e0e
19,"Dongguan Haok Home Decoration Co.,Ltd",HaokHome 96033 Peel and Stick Wallpaper Abstract Rainbow Black/White Removable contactpaper for Home Bathroom Decorations 17.7in x 118in,4.4 out of 5,-,https://www.amazon.com/gp/slredirect/picassoRedirect.html/ref=sspa_dk_detail_9?ie=UTF8&adId=A00237536FNPPS8WFCQB&qualifier=1639236518&id=2041728757531760&widgetName=sp_detail&url=%2Fdp%2FB09CTHPQT5%2Fref%3Dsspa_dk_detail_9%3Fpsc%3D1%26pd_rd_i%3DB09CTHPQT5%26pd_rd_w%3DNmgqH%26pf_rd_p%3D9fd3ea7c-b77c-42ac-b43b-c872d3f37c38%26pd_rd_wg%3DzdwKP%26pf_rd_r%3DW8EJFZJZR9DGP0H0Z0NP%26pd_rd_r%3D79e0fff2-b0a2-4f0d-a05a-194daffc4e0e
20,Beautyhalo,Coavas Brick Wallpaper Peel and Stick White Chirstmas Fireplace Fake Chimney Paper 17.5x118.1 Inches for Bedroom Faux Brick Kitchen Cabinets Backsplash Laundry Accent Walls Classroom (44.5x300cm),4.3 out of 5,-,https://www.amazon.com/gp/slredirect/picassoRedirect.html/ref=sspa_dk_detail_9?ie=UTF8&adId=A00237536FNPPS8WFCQB&qualifier=1639236518&id=2041728757531760&widgetName=sp_detail&url=%2Fdp%2FB09CTHPQT5%2Fref%3Dsspa_dk_detail_9%3Fpsc%3D1%26pd_rd_i%3DB09CTHPQT5%26pd_rd_w%3DNmgqH%26pf_rd_p%3D9fd3ea7c-b77c-42ac-b43b-c872d3f37c38%26pd_rd_wg%3DzdwKP%26pf_rd_r%3DW8EJFZJZR9DGP0H0Z0NP%26pd_rd_r%3D79e0fff2-b0a2-4f0d-a05a-194daffc4e0e
21,NuWallpaper,"NuWallpaper NU2394 Treetops Peel & Stick Wallpaper, White & Off-White",4.5 out of 5,-,https://www.amazon.com/gp/slredirect/picassoRedirect.html/ref=sspa_dk_detail_9?ie=UTF8&adId=A00237536FNPPS8WFCQB&qualifier=1639236518&id=2041728757531760&widgetName=sp_detail&url=%2Fdp%2FB09CTHPQT5%2Fref%3Dsspa_dk_detail_9%3Fpsc%3D1%26pd_rd_i%3DB09CTHPQT5%26pd_rd_w%3DNmgqH%26pf_rd_p%3D9fd3ea7c-b77c-42ac-b43b-c872d3f37c38%26pd_rd_wg%3DzdwKP%26pf_rd_r%3DW8EJFZJZR9DGP0H0Z0NP%26pd_rd_r%3D79e0fff2-b0a2-4f0d-a05a-194daffc4e0e
22,-,Marble Wallpaper Granite Paper for Old Furniture Self Adhesive and Removable Cover Surfaces 17.71 inch x 78inch Marble Paper Peel and Stick Easy to Apply,4.2 out of 5,-,https://www.amazon.com/gp/slredirect/picassoRedirect.html/ref=sspa_dk_detail_9?ie=UTF8&adId=A00237536FNPPS8WFCQB&qualifier=1639236518&id=2041728757531760&widgetName=sp_detail&url=%2Fdp%2FB09CTHPQT5%2Fref%3Dsspa_dk_detail_9%3Fpsc%3D1%26pd_rd_i%3DB09CTHPQT5%26pd_rd_w%3DNmgqH%26pf_rd_p%3D9fd3ea7c-b77c-42ac-b43b-c872d3f37c38%26pd_rd_wg%3DzdwKP%26pf_rd_r%3DW8EJFZJZR9DGP0H0Z0NP%26pd_rd_r%3D79e0fff2-b0a2-4f0d-a05a-194daffc4e0e
23,Yancorp,"Yancorp Faux Grasscloth Peel Stick Wallpaper Fabric Self-Adhesive Paper Linen Removable Fireaplace Kitchen Backsplash Wall Door Counter Top Liners (15.7"" x 120"", Gray)",4.2 out of 5,-,https://www.amazon.com/gp/slredirect/picassoRedirect.html/ref=sspa_dk_detail_9?ie=UTF8&adId=A00237536FNPPS8WFCQB&qualifier=1639236518&id=2041728757531760&widgetName=sp_detail&url=%2Fdp%2FB09CTHPQT5%2Fref%3Dsspa_dk_detail_9%3Fpsc%3D1%26pd_rd_i%3DB09CTHPQT5%26pd_rd_w%3DNmgqH%26pf_rd_p%3D9fd3ea7c-b77c-42ac-b43b-c872d3f37c38%26pd_rd_wg%3DzdwKP%26pf_rd_r%3DW8EJFZJZR9DGP0H0Z0NP%26pd_rd_r%3D79e0fff2-b0a2-4f0d-a05a-194daffc4e0e
24,practicalWs,"Wood Wallpaper Rustic Distressed Wood Peel and Stick Wallpaper 17.71"" x 236.2"" Self-Adhesive Removable Wall Paper Wood Plank Covering Decorative Vintage Wood Panel Wooden Grain Vinyl Film Roll",4.3 out of 5,-,https://www.amazon.com/gp/slredirect/picassoRedirect.html/ref=sspa_dk_detail_9?ie=UTF8&adId=A00237536FNPPS8WFCQB&qualifier=1639236518&id=2041728757531760&widgetName=sp_detail&url=%2Fdp%2FB09CTHPQT5%2Fref%3Dsspa_dk_detail_9%3Fpsc%3D1%26pd_rd_i%3DB09CTHPQT5%26pd_rd_w%3DNmgqH%26pf_rd_p%3D9fd3ea7c-b77c-42ac-b43b-c872d3f37c38%26pd_rd_wg%3DzdwKP%26pf_rd_r%3DW8EJFZJZR9DGP0H0Z0NP%26pd_rd_r%3D79e0fff2-b0a2-4f0d-a05a-194daffc4e0e
25,"Dongguan Haok Home Decoration Co.,Ltd",HaokHome 93005-2 Floral Wallpaper Peel and Stick Watercolor Cactus White/Pink/Green/Navy Blue Vinyl Self Adhesive Prepasted Decorative 17.7in x 9.8ft,4.5 out of 5,-,https://www.amazon.com/gp/slredirect/picassoRedirect.html/ref=sspa_dk_detail_9?ie=UTF8&adId=A00237536FNPPS8WFCQB&qualifier=1639236518&id=2041728757531760&widgetName=sp_detail&url=%2Fdp%2FB09CTHPQT5%2Fref%3Dsspa_dk_detail_9%3Fpsc%3D1%26pd_rd_i%3DB09CTHPQT5%26pd_rd_w%3DNmgqH%26pf_rd_p%3D9fd3ea7c-b77c-42ac-b43b-c872d3f37c38%26pd_rd_wg%3DzdwKP%26pf_rd_r%3DW8EJFZJZR9DGP0H0Z0NP%26pd_rd_r%3D79e0fff2-b0a2-4f0d-a05a-194daffc4e0e
26,Differme Company Limited,Blooming Wall Minimalist Black and White Tick Mark Neutral Peel and Stick Wallpaper Herringbone Self-Adhesive Prepasted Wallpaper Wall Mural Wall Decor(17.7“x118”),4.8 out of 5,-,https://www.amazon.com/gp/slredirect/picassoRedirect.html/ref=sspa_dk_detail_9?ie=UTF8&adId=A00237536FNPPS8WFCQB&qualifier=1639236518&id=2041728757531760&widgetName=sp_detail&url=%2Fdp%2FB09CTHPQT5%2Fref%3Dsspa_dk_detail_9%3Fpsc%3D1%26pd_rd_i%3DB09CTHPQT5%26pd_rd_w%3DNmgqH%26pf_rd_p%3D9fd3ea7c-b77c-42ac-b43b-c872d3f37c38%26pd_rd_wg%3DzdwKP%26pf_rd_r%3DW8EJFZJZR9DGP0H0Z0NP%26pd_rd_r%3D79e0fff2-b0a2-4f0d-a05a-194daffc4e0e
27,"Dongguan Haok Home Decoration Co.,Ltd",HaokHome 93027 Watercolor Forest Peel and Stick Wallpaper Removable White/Pink/Navy/Yellow Floral Vinyl Self Adhesive Shelf Liner 17.7in x 9.8ft,4.3 out of 5,-,https://www.amazon.com/gp/slredirect/picassoRedirect.html/ref=sspa_dk_detail_9?ie=UTF8&adId=A00237536FNPPS8WFCQB&qualifier=1639236518&id=2041728757531760&widgetName=sp_detail&url=%2Fdp%2FB09CTHPQT5%2Fref%3Dsspa_dk_detail_9%3Fpsc%3D1%26pd_rd_i%3DB09CTHPQT5%26pd_rd_w%3DNmgqH%26pf_rd_p%3D9fd3ea7c-b77c-42ac-b43b-c872d3f37c38%26pd_rd_wg%3DzdwKP%26pf_rd_r%3DW8EJFZJZR9DGP0H0Z0NP%26pd_rd_r%3D79e0fff2-b0a2-4f0d-a05a-194daffc4e0e
28,RoomMates,RoomMates RMK9005WP Black Dream Big Script Peel and Stick Wallpaper,4.6 out of 5,-,https://www.amazon.com/gp/slredirect/picassoRedirect.html/ref=sspa_dk_detail_9?ie=UTF8&adId=A00237536FNPPS8WFCQB&qualifier=1639236518&id=2041728757531760&widgetName=sp_detail&url=%2Fdp%2FB09CTHPQT5%2Fref%3Dsspa_dk_detail_9%3Fpsc%3D1%26pd_rd_i%3DB09CTHPQT5%26pd_rd_w%3DNmgqH%26pf_rd_p%3D9fd3ea7c-b77c-42ac-b43b-c872d3f37c38%26pd_rd_wg%3DzdwKP%26pf_rd_r%3DW8EJFZJZR9DGP0H0Z0NP%26pd_rd_r%3D79e0fff2-b0a2-4f0d-a05a-194daffc4e0e
29,"Jialixin Electronic Commerce Co., Ltd.",Vinyl Victorian Damask Wallpaper Stick and Peel - self Adhesive Wallpaper Brown/Black Removable Waterproof Paper for Bedroom Living Room Walls -17.7inch x 118inch/Roll,3.7 out of 5,-,https://www.amazon.com/gp/slredirect/picassoRedirect.html/ref=sspa_dk_detail_9?ie=UTF8&adId=A00237536FNPPS8WFCQB&qualifier=1639236518&id=2041728757531760&widgetName=sp_detail&url=%2Fdp%2FB09CTHPQT5%2Fref%3Dsspa_dk_detail_9%3Fpsc%3D1%26pd_rd_i%3DB09CTHPQT5%26pd_rd_w%3DNmgqH%26pf_rd_p%3D9fd3ea7c-b77c-42ac-b43b-c872d3f37c38%26pd_rd_wg%3DzdwKP%26pf_rd_r%3DW8EJFZJZR9DGP0H0Z0NP%26pd_rd_r%3D79e0fff2-b0a2-4f0d-a05a-194daffc4e0e
30,Dimoon,"Dimoon 118""x17.7""Green Wallpaper Peel and Stick Green Contact Paper Solid Green Pure Self Adhesive Wallpaper Removable Wallpaper Green Wall Paper Textured Shelf liner Decorative Walls Decal Vinyl Roll",4 out of 5,-,https://www.amazon.com/gp/slredirect/picassoRedirect.html/ref=sspa_dk_detail_9?ie=UTF8&adId=A00237536FNPPS8WFCQB&qualifier=1639236518&id=2041728757531760&widgetName=sp_detail&url=%2Fdp%2FB09CTHPQT5%2Fref%3Dsspa_dk_detail_9%3Fpsc%3D1%26pd_rd_i%3DB09CTHPQT5%26pd_rd_w%3DNmgqH%26pf_rd_p%3D9fd3ea7c-b77c-42ac-b43b-c872d3f37c38%26pd_rd_wg%3DzdwKP%26pf_rd_r%3DW8EJFZJZR9DGP0H0Z0NP%26pd_rd_r%3D79e0fff2-b0a2-4f0d-a05a-194daffc4e0e
31,EiCute,Wood Plank Wallpaper Wood Contact Paper Wood Wallpaper Stick and Peel Self Adhesive Wallpaper Removable Wallpaper Rustic Distressed Wood Con-Paper Wood Look Wallpaper Faux Vinyl Roll118''x18'',4.1 out of 5,-,https://www.amazon.com/gp/slredirect/picassoRedirect.html/ref=sspa_dk_detail_9?ie=UTF8&adId=A00237536FNPPS8WFCQB&qualifier=1639236518&id=2041728757531760&widgetName=sp_detail&url=%2Fdp%2FB09CTHPQT5%2Fref%3Dsspa_dk_detail_9%3Fpsc%3D1%26pd_rd_i%3DB09CTHPQT5%26pd_rd_w%3DNmgqH%26pf_rd_p%3D9fd3ea7c-b77c-42ac-b43b-c872d3f37c38%26pd_rd_wg%3DzdwKP%26pf_rd_r%3DW8EJFZJZR9DGP0H0Z0NP%26pd_rd_r%3D79e0fff2-b0a2-4f0d-a05a-194daffc4e0e
32,ponkan,17.7X472 Green Floral Peel and Stick Wallpaper Vintage Flower and Bird Wallpaper Removable Wallpaper Self Adhesive Wall Paper Contact Paper Vinyl Film Home Decoration and Furniture Renovation,4.1 out of 5,-,https://www.amazon.com/gp/slredirect/picassoRedirect.html/ref=sspa_dk_detail_9?ie=UTF8&adId=A00237536FNPPS8WFCQB&qualifier=1639236518&id=2041728757531760&widgetName=sp_detail&url=%2Fdp%2FB09CTHPQT5%2Fref%3Dsspa_dk_detail_9%3Fpsc%3D1%26pd_rd_i%3DB09CTHPQT5%26pd_rd_w%3DNmgqH%26pf_rd_p%3D9fd3ea7c-b77c-42ac-b43b-c872d3f37c38%26pd_rd_wg%3DzdwKP%26pf_rd_r%3DW8EJFZJZR9DGP0H0Z0NP%26pd_rd_r%3D79e0fff2-b0a2-4f0d-a05a-194daffc4e0e
33,"Jialixin Electronic Commerce Co., Ltd.",Vinyl Modern Floral Wallpaper Stick and Peel - self Adhesive Wallpaper Green Leaf /Pink Flower for Kitchen Bedroom Living Room Walls -17.7inch x 118inch/Roll,4.4 out of 5,-,https://www.amazon.com/gp/slredirect/picassoRedirect.html/ref=sspa_dk_detail_9?ie=UTF8&adId=A00237536FNPPS8WFCQB&qualifier=1639236518&id=2041728757531760&widgetName=sp_detail&url=%2Fdp%2FB09CTHPQT5%2Fref%3Dsspa_dk_detail_9%3Fpsc%3D1%26pd_rd_i%3DB09CTHPQT5%26pd_rd_w%3DNmgqH%26pf_rd_p%3D9fd3ea7c-b77c-42ac-b43b-c872d3f37c38%26pd_rd_wg%3DzdwKP%26pf_rd_r%3DW8EJFZJZR9DGP0H0Z0NP%26pd_rd_r%3D79e0fff2-b0a2-4f0d-a05a-194daffc4e0e
34,"Jialixin Electronic Commerce Co., Ltd.",Vinyl 3D Hexagon Stick and Peel Wallpaper - self Adhesive Wallpaper Brown/White for Kitchen Bedroom Living Room Walls -17.7inch x 118inch/Roll,4.2 out of 5,-,https://www.amazon.com/gp/slredirect/picassoRedirect.html/ref=sspa_dk_detail_9?ie=UTF8&adId=A00237536FNPPS8WFCQB&qualifier=1639236518&id=2041728757531760&widgetName=sp_detail&url=%2Fdp%2FB09CTHPQT5%2Fref%3Dsspa_dk_detail_9%3Fpsc%3D1%26pd_rd_i%3DB09CTHPQT5%26pd_rd_w%3DNmgqH%26pf_rd_p%3D9fd3ea7c-b77c-42ac-b43b-c872d3f37c38%26pd_rd_wg%3DzdwKP%26pf_rd_r%3DW8EJFZJZR9DGP0H0Z0NP%26pd_rd_r%3D79e0fff2-b0a2-4f0d-a05a-194daffc4e0e
35,dearabbit,Reclaimed Wood Wallpaper Peel and Stick Wallpaper 17.71“X 472” Self Adhesive Removable Decorative Wall Paper Covering Vintage Wood Plank Film Retro,4.5 out of 5,-,https://www.amazon.com/gp/slredirect/picassoRedirect.html/ref=sspa_dk_detail_9?ie=UTF8&adId=A00237536FNPPS8WFCQB&qualifier=1639236518&id=2041728757531760&widgetName=sp_detail&url=%2Fdp%2FB09CTHPQT5%2Fref%3Dsspa_dk_detail_9%3Fpsc%3D1%26pd_rd_i%3DB09CTHPQT5%26pd_rd_w%3DNmgqH%26pf_rd_p%3D9fd3ea7c-b77c-42ac-b43b-c872d3f37c38%26pd_rd_wg%3DzdwKP%26pf_rd_r%3DW8EJFZJZR9DGP0H0Z0NP%26pd_rd_r%3D79e0fff2-b0a2-4f0d-a05a-194daffc4e0e
36,Abyssaly,"Black Marble Paper Granite Wallpaper 11.8"" X 78.7"" Peel and Stick Countertop Contact Paper Self Adhesive Waterproof Thickening for Kitchen Bathroom and Furniture",4.6 out of 5,-,https://www.amazon.com/gp/slredirect/picassoRedirect.html/ref=sspa_dk_detail_9?ie=UTF8&adId=A00237536FNPPS8WFCQB&qualifier=1639236518&id=2041728757531760&widgetName=sp_detail&url=%2Fdp%2FB09CTHPQT5%2Fref%3Dsspa_dk_detail_9%3Fpsc%3D1%26pd_rd_i%3DB09CTHPQT5%26pd_rd_w%3DNmgqH%26pf_rd_p%3D9fd3ea7c-b77c-42ac-b43b-c872d3f37c38%26pd_rd_wg%3DzdwKP%26pf_rd_r%3DW8EJFZJZR9DGP0H0Z0NP%26pd_rd_r%3D79e0fff2-b0a2-4f0d-a05a-194daffc4e0e
37,QIMAY,QIMAY 17.7 inchx236 inchGrey Brick Wallpaper Peel and Stick Wallpaper 3D Brick Self Adhesive Removable Wallpaper Waterproof Stick on Wallpaper Backsplash Wall Paper Shelf Drawer Liner Vinyl Film,4.4 out of 5,-,https://www.amazon.com/gp/slredirect/picassoRedirect.html/ref=sspa_dk_detail_9?ie=UTF8&adId=A00237536FNPPS8WFCQB&qualifier=1639236518&id=2041728757531760&widgetName=sp_detail&url=%2Fdp%2FB09CTHPQT5%2Fref%3Dsspa_dk_detail_9%3Fpsc%3D1%26pd_rd_i%3DB09CTHPQT5%26pd_rd_w%3DNmgqH%26pf_rd_p%3D9fd3ea7c-b77c-42ac-b43b-c872d3f37c38%26pd_rd_wg%3DzdwKP%26pf_rd_r%3DW8EJFZJZR9DGP0H0Z0NP%26pd_rd_r%3D79e0fff2-b0a2-4f0d-a05a-194daffc4e0e
38,Livelynine,Livelynine Peel and Stick Wallpaper Blue Teal Contact Paper Decorative Vinyl Self Adhesive Fadeless Bulletin Board Paper Roll for Classroom School Party Decorations Removable Waterproof 15.8x78.8 Inch,4.3 out of 5,-,https://www.amazon.com/gp/slredirect/picassoRedirect.html/ref=sspa_dk_detail_9?ie=UTF8&adId=A00237536FNPPS8WFCQB&qualifier=1639236518&id=2041728757531760&widgetName=sp_detail&url=%2Fdp%2FB09CTHPQT5%2Fref%3Dsspa_dk_detail_9%3Fpsc%3D1%26pd_rd_i%3DB09CTHPQT5%26pd_rd_w%3DNmgqH%26pf_rd_p%3D9fd3ea7c-b77c-42ac-b43b-c872d3f37c38%26pd_rd_wg%3DzdwKP%26pf_rd_r%3DW8EJFZJZR9DGP0H0Z0NP%26pd_rd_r%3D79e0fff2-b0a2-4f0d-a05a-194daffc4e0e
39,Decoroom,17.71''×118'' Distressed Wood Plank Wallpaper Peel and Stick Rustic Wood Grain Pattern Wall Paper Removable Self Adhesive Brown Shiplap Vinyl Film Decorative Wooden Look,4.5 out of 5,-,https://www.amazon.com/gp/slredirect/picassoRedirect.html/ref=sspa_dk_detail_9?ie=UTF8&adId=A00237536FNPPS8WFCQB&qualifier=1639236518&id=2041728757531760&widgetName=sp_detail&url=%2Fdp%2FB09CTHPQT5%2Fref%3Dsspa_dk_detail_9%3Fpsc%3D1%26pd_rd_i%3DB09CTHPQT5%26pd_rd_w%3DNmgqH%26pf_rd_p%3D9fd3ea7c-b77c-42ac-b43b-c872d3f37c38%26pd_rd_wg%3DzdwKP%26pf_rd_r%3DW8EJFZJZR9DGP0H0Z0NP%26pd_rd_r%3D79e0fff2-b0a2-4f0d-a05a-194daffc4e0e
40,York Wallcoverings,RoomMates RMK11435WP Beige Batik Tropical Leaf Peel and Stick Wallpaper,4.5 out of 5,-,https://www.amazon.com/gp/slredirect/picassoRedirect.html/ref=sspa_dk_detail_9?ie=UTF8&adId=A00237536FNPPS8WFCQB&qualifier=1639236518&id=2041728757531760&widgetName=sp_detail&url=%2Fdp%2FB09CTHPQT5%2Fref%3Dsspa_dk_detail_9%3Fpsc%3D1%26pd_rd_i%3DB09CTHPQT5%26pd_rd_w%3DNmgqH%26pf_rd_p%3D9fd3ea7c-b77c-42ac-b43b-c872d3f37c38%26pd_rd_wg%3DzdwKP%26pf_rd_r%3DW8EJFZJZR9DGP0H0Z0NP%26pd_rd_r%3D79e0fff2-b0a2-4f0d-a05a-194daffc4e0e
41,Tempaper,"Tempaper x Genevieve Gorder Denim Blue Feather Flock Removable Peel and Stick Wallpaper, 20.5 in X 16.5 ft, Made in the USA",4.5 out of 5,-,https://www.amazon.com/gp/slredirect/picassoRedirect.html/ref=sspa_dk_detail_9?ie=UTF8&adId=A00237536FNPPS8WFCQB&qualifier=1639236518&id=2041728757531760&widgetName=sp_detail&url=%2Fdp%2FB09CTHPQT5%2Fref%3Dsspa_dk_detail_9%3Fpsc%3D1%26pd_rd_i%3DB09CTHPQT5%26pd_rd_w%3DNmgqH%26pf_rd_p%3D9fd3ea7c-b77c-42ac-b43b-c872d3f37c38%26pd_rd_wg%3DzdwKP%26pf_rd_r%3DW8EJFZJZR9DGP0H0Z0NP%26pd_rd_r%3D79e0fff2-b0a2-4f0d-a05a-194daffc4e0e
42,Yancorp,"Yancorp 18""x120"" Stone Brick Wallpaper Stick On Self-Adhesive Peel and Stick Backsplash Wall Panel Removable Home Decoration",4.1 out of 5,-,https://www.amazon.com/gp/slredirect/picassoRedirect.html/ref=sspa_dk_detail_9?ie=UTF8&adId=A00237536FNPPS8WFCQB&qualifier=1639236518&id=2041728757531760&widgetName=sp_detail&url=%2Fdp%2FB09CTHPQT5%2Fref%3Dsspa_dk_detail_9%3Fpsc%3D1%26pd_rd_i%3DB09CTHPQT5%26pd_rd_w%3DNmgqH%26pf_rd_p%3D9fd3ea7c-b77c-42ac-b43b-c872d3f37c38%26pd_rd_wg%3DzdwKP%26pf_rd_r%3DW8EJFZJZR9DGP0H0Z0NP%26pd_rd_r%3D79e0fff2-b0a2-4f0d-a05a-194daffc4e0e
43,"Dongguan Haok Home Decoration Co.,Ltd",HaokHome 96022-1 Modern Circle Oval Stripe Peel and Stick Wallpaper Black White Vinyl Self Adhesive Decorative 17.7in x 9.8ft,4.4 out of 5,-,https://www.amazon.com/gp/slredirect/picassoRedirect.html/ref=sspa_dk_detail_9?ie=UTF8&adId=A00237536FNPPS8WFCQB&qualifier=1639236518&id=2041728757531760&widgetName=sp_detail&url=%2Fdp%2FB09CTHPQT5%2Fref%3Dsspa_dk_detail_9%3Fpsc%3D1%26pd_rd_i%3DB09CTHPQT5%26pd_rd_w%3DNmgqH%26pf_rd_p%3D9fd3ea7c-b77c-42ac-b43b-c872d3f37c38%26pd_rd_wg%3DzdwKP%26pf_rd_r%3DW8EJFZJZR9DGP0H0Z0NP%26pd_rd_r%3D79e0fff2-b0a2-4f0d-a05a-194daffc4e0e
44,Still new Home,"Brown Wood Peel and Stick Wallpaper 17.8"" x 236"" Self Adhesive Removable Decorative Wood Wallpaper for Wall Covering Countertop Cabinet Shelf Liner Drawer Liner",4.6 out of 5,-,https://www.amazon.com/gp/slredirect/picassoRedirect.html/ref=sspa_dk_detail_9?ie=UTF8&adId=A00237536FNPPS8WFCQB&qualifier=1639236518&id=2041728757531760&widgetName=sp_detail&url=%2Fdp%2FB09CTHPQT5%2Fref%3Dsspa_dk_detail_9%3Fpsc%3D1%26pd_rd_i%3DB09CTHPQT5%26pd_rd_w%3DNmgqH%26pf_rd_p%3D9fd3ea7c-b77c-42ac-b43b-c872d3f37c38%26pd_rd_wg%3DzdwKP%26pf_rd_r%3DW8EJFZJZR9DGP0H0Z0NP%26pd_rd_r%3D79e0fff2-b0a2-4f0d-a05a-194daffc4e0e
45,Tempaper,"Tempaper Pink Botanical Havana Palm Removable Peel and Stick Wallpaper, 20.5 in X 16.5 ft, Made in the USA",4.6 out of 5,-,https://www.amazon.com/gp/slredirect/picassoRedirect.html/ref=sspa_dk_detail_9?ie=UTF8&adId=A00237536FNPPS8WFCQB&qualifier=1639236518&id=2041728757531760&widgetName=sp_detail&url=%2Fdp%2FB09CTHPQT5%2Fref%3Dsspa_dk_detail_9%3Fpsc%3D1%26pd_rd_i%3DB09CTHPQT5%26pd_rd_w%3DNmgqH%26pf_rd_p%3D9fd3ea7c-b77c-42ac-b43b-c872d3f37c38%26pd_rd_wg%3DzdwKP%26pf_rd_r%3DW8EJFZJZR9DGP0H0Z0NP%26pd_rd_r%3D79e0fff2-b0a2-4f0d-a05a-194daffc4e0e
46,-,Lime Gold Pearl Interior Film Self Adhesive Peel-Stick Removable Wallpaper (Lime Gold Pearl 6.5ft(2 Pack)),4.6 out of 5,-,https://www.amazon.com/gp/slredirect/picassoRedirect.html/ref=sspa_dk_detail_9?ie=UTF8&adId=A00237536FNPPS8WFCQB&qualifier=1639236518&id=2041728757531760&widgetName=sp_detail&url=%2Fdp%2FB09CTHPQT5%2Fref%3Dsspa_dk_detail_9%3Fpsc%3D1%26pd_rd_i%3DB09CTHPQT5%26pd_rd_w%3DNmgqH%26pf_rd_p%3D9fd3ea7c-b77c-42ac-b43b-c872d3f37c38%26pd_rd_wg%3DzdwKP%26pf_rd_r%3DW8EJFZJZR9DGP0H0Z0NP%26pd_rd_r%3D79e0fff2-b0a2-4f0d-a05a-194daffc4e0e
47,practicalWs,"practicalWs (15.7"" x118"") Black Wallpaper Self Adhesive and Removable Peel and Stick Vinyl Film Stick Paper Easy to Apply Wall Coverings Shelf Home Decorative Liner Table and Door Reform",4.2 out of 5,-,https://www.amazon.com/gp/slredirect/picassoRedirect.html/ref=sspa_dk_detail_9?ie=UTF8&adId=A00237536FNPPS8WFCQB&qualifier=1639236518&id=2041728757531760&widgetName=sp_detail&url=%2Fdp%2FB09CTHPQT5%2Fref%3Dsspa_dk_detail_9%3Fpsc%3D1%26pd_rd_i%3DB09CTHPQT5%26pd_rd_w%3DNmgqH%26pf_rd_p%3D9fd3ea7c-b77c-42ac-b43b-c872d3f37c38%26pd_rd_wg%3DzdwKP%26pf_rd_r%3DW8EJFZJZR9DGP0H0Z0NP%26pd_rd_r%3D79e0fff2-b0a2-4f0d-a05a-194daffc4e0e
48,NuWallpaper,NuWallpaper NU2459 Folk Tulip Neutral Peel & Stick Wallpaper,4.6 out of 5,-,https://www.amazon.com/gp/slredirect/picassoRedirect.html/ref=sspa_dk_detail_9?ie=UTF8&adId=A00237536FNPPS8WFCQB&qualifier=1639236518&id=2041728757531760&widgetName=sp_detail&url=%2Fdp%2FB09CTHPQT5%2Fref%3Dsspa_dk_detail_9%3Fpsc%3D1%26pd_rd_i%3DB09CTHPQT5%26pd_rd_w%3DNmgqH%26pf_rd_p%3D9fd3ea7c-b77c-42ac-b43b-c872d3f37c38%26pd_rd_wg%3DzdwKP%26pf_rd_r%3DW8EJFZJZR9DGP0H0Z0NP%26pd_rd_r%3D79e0fff2-b0a2-4f0d-a05a-194daffc4e0e
49,cooldon,"Green Floral Peel and Stick Wallpaper Peach Fruit Tree Self Adhesive Wall Paper Retro Rustic Blooming Flower Waterproof Removable Wallpaper Vinyl Film Wall Covering for Home Use 17.7""x197""",4.2 out of 5,-,https://www.amazon.com/gp/slredirect/picassoRedirect.html/ref=sspa_dk_detail_9?ie=UTF8&adId=A00237536FNPPS8WFCQB&qualifier=1639236518&id=2041728757531760&widgetName=sp_detail&url=%2Fdp%2FB09CTHPQT5%2Fref%3Dsspa_dk_detail_9%3Fpsc%3D1%26pd_rd_i%3DB09CTHPQT5%26pd_rd_w%3DNmgqH%26pf_rd_p%3D9fd3ea7c-b77c-42ac-b43b-c872d3f37c38%26pd_rd_wg%3DzdwKP%26pf_rd_r%3DW8EJFZJZR9DGP0H0Z0NP%26pd_rd_r%3D79e0fff2-b0a2-4f0d-a05a-194daffc4e0e
50,JLHOUSE,JLHOUSE Modern Wallpaper Peel and Stick Stripes 17.7inch x 118inch/Roll Gold&White Geometric Removable Self Adhesive Wallpaper Durable Line Up Easily for Home Decoration Old Furniture Renovation,No Rating,-,https://www.amazon.com/gp/slredirect/picassoRedirect.html/ref=sspa_dk_detail_9?ie=UTF8&adId=A00237536FNPPS8WFCQB&qualifier=1639236518&id=2041728757531760&widgetName=sp_detail&url=%2Fdp%2FB09CTHPQT5%2Fref%3Dsspa_dk_detail_9%3Fpsc%3D1%26pd_rd_i%3DB09CTHPQT5%26pd_rd_w%3DNmgqH%26pf_rd_p%3D9fd3ea7c-b77c-42ac-b43b-c872d3f37c38%26pd_rd_wg%3DzdwKP%26pf_rd_r%3DW8EJFZJZR9DGP0H0Z0NP%26pd_rd_r%3D79e0fff2-b0a2-4f0d-a05a-194daffc4e0e
51,Orang,Orainege Vintage Floral Wallpaper Peel and Stick Wallpaper Flowers Birds Removable Wallpaper 17.7inchx78.7inch Floral Decorative Wallpaper Yellow Contact Paper Vinyl Butterfly Self Adhesive Wall Paper,4.3 out of 5,-,https://www.amazon.com/gp/slredirect/picassoRedirect.html/ref=sspa_dk_detail_9?ie=UTF8&adId=A00237536FNPPS8WFCQB&qualifier=1639236518&id=2041728757531760&widgetName=sp_detail&url=%2Fdp%2FB09CTHPQT5%2Fref%3Dsspa_dk_detail_9%3Fpsc%3D1%26pd_rd_i%3DB09CTHPQT5%26pd_rd_w%3DNmgqH%26pf_rd_p%3D9fd3ea7c-b77c-42ac-b43b-c872d3f37c38%26pd_rd_wg%3DzdwKP%26pf_rd_r%3DW8EJFZJZR9DGP0H0Z0NP%26pd_rd_r%3D79e0fff2-b0a2-4f0d-a05a-194daffc4e0e
52,ponkan,"17.7""x394""Green Floral Peel and Stick Wallpaper Vintage Flower and Bird Wallpaper Removable Wallpaper Self Adhesive Wall Paper Vinyl Film Home Decoration and Furniture Renovation Christmas Decorations",4.1 out of 5,-,https://www.amazon.com/gp/slredirect/picassoRedirect.html/ref=sspa_dk_detail_9?ie=UTF8&adId=A00237536FNPPS8WFCQB&qualifier=1639236518&id=2041728757531760&widgetName=sp_detail&url=%2Fdp%2FB09CTHPQT5%2Fref%3Dsspa_dk_detail_9%3Fpsc%3D1%26pd_rd_i%3DB09CTHPQT5%26pd_rd_w%3DNmgqH%26pf_rd_p%3D9fd3ea7c-b77c-42ac-b43b-c872d3f37c38%26pd_rd_wg%3DzdwKP%26pf_rd_r%3DW8EJFZJZR9DGP0H0Z0NP%26pd_rd_r%3D79e0fff2-b0a2-4f0d-a05a-194daffc4e0e
53,Tempaper,"Tempaper Pepper Scout Removable Peel and Stick Wallpaper, 20.5 in X 16.5 ft, Made in the USA",4.5 out of 5,-,https://www.amazon.com/gp/slredirect/picassoRedirect.html/ref=sspa_dk_detail_9?ie=UTF8&adId=A00237536FNPPS8WFCQB&qualifier=1639236518&id=2041728757531760&widgetName=sp_detail&url=%2Fdp%2FB09CTHPQT5%2Fref%3Dsspa_dk_detail_9%3Fpsc%3D1%26pd_rd_i%3DB09CTHPQT5%26pd_rd_w%3DNmgqH%26pf_rd_p%3D9fd3ea7c-b77c-42ac-b43b-c872d3f37c38%26pd_rd_wg%3DzdwKP%26pf_rd_r%3DW8EJFZJZR9DGP0H0Z0NP%26pd_rd_r%3D79e0fff2-b0a2-4f0d-a05a-194daffc4e0e
54,"Dongguan Haok Home Decoration Co.,Ltd",HaokHome 96020-2 Modern Stripe Peel and Stick Wallpaper for Bedroom Herringbone Navy Blue Vinyl Removable Decoration 17.7in x 9.8ft,4.6 out of 5,-,https://www.amazon.com/gp/slredirect/picassoRedirect.html/ref=sspa_dk_detail_9?ie=UTF8&adId=A00237536FNPPS8WFCQB&qualifier=1639236518&id=2041728757531760&widgetName=sp_detail&url=%2Fdp%2FB09CTHPQT5%2Fref%3Dsspa_dk_detail_9%3Fpsc%3D1%26pd_rd_i%3DB09CTHPQT5%26pd_rd_w%3DNmgqH%26pf_rd_p%3D9fd3ea7c-b77c-42ac-b43b-c872d3f37c38%26pd_rd_wg%3DzdwKP%26pf_rd_r%3DW8EJFZJZR9DGP0H0Z0NP%26pd_rd_r%3D79e0fff2-b0a2-4f0d-a05a-194daffc4e0e
55,"Dongguan Haok Home Decoration Co.,Ltd",HaokHome 93005-1 Peel and Stick Modern Floral Wallpaper Pink/Green/Navy/Orange Vinyl Self Adhesive Prepasted Decorative 17.7in x 9.8ft,4.5 out of 5,-,https://www.amazon.com/gp/slredirect/picassoRedirect.html/ref=sspa_dk_detail_9?ie=UTF8&adId=A00237536FNPPS8WFCQB&qualifier=1639236518&id=2041728757531760&widgetName=sp_detail&url=%2Fdp%2FB09CTHPQT5%2Fref%3Dsspa_dk_detail_9%3Fpsc%3D1%26pd_rd_i%3DB09CTHPQT5%26pd_rd_w%3DNmgqH%26pf_rd_p%3D9fd3ea7c-b77c-42ac-b43b-c872d3f37c38%26pd_rd_wg%3DzdwKP%26pf_rd_r%3DW8EJFZJZR9DGP0H0Z0NP%26pd_rd_r%3D79e0fff2-b0a2-4f0d-a05a-194daffc4e0e
56,Timeet,"Brown Brick Wallpaper Peel and Stick Brick Wallpaper Self Adhesive Wallpaper Vintage Faux Brick Wallpaper Textured Stone Look Wall Paper Home Classroom Dorm Wall Decor Vinyl Removable 17.7""×118.11""",4.3 out of 5,-,https://www.amazon.com/gp/slredirect/picassoRedirect.html/ref=sspa_dk_detail_9?ie=UTF8&adId=A00237536FNPPS8WFCQB&qualifier=1639236518&id=2041728757531760&widgetName=sp_detail&url=%2Fdp%2FB09CTHPQT5%2Fref%3Dsspa_dk_detail_9%3Fpsc%3D1%26pd_rd_i%3DB09CTHPQT5%26pd_rd_w%3DNmgqH%26pf_rd_p%3D9fd3ea7c-b77c-42ac-b43b-c872d3f37c38%26pd_rd_wg%3DzdwKP%26pf_rd_r%3DW8EJFZJZR9DGP0H0Z0NP%26pd_rd_r%3D79e0fff2-b0a2-4f0d-a05a-194daffc4e0e
57,York Wallcoverings,RoomMates RMK9050WP White Distressed Wood Peel and Stick Wallpaper,4.6 out of 5,-,https://www.amazon.com/gp/slredirect/picassoRedirect.html/ref=sspa_dk_detail_9?ie=UTF8&adId=A00237536FNPPS8WFCQB&qualifier=1639236518&id=2041728757531760&widgetName=sp_detail&url=%2Fdp%2FB09CTHPQT5%2Fref%3Dsspa_dk_detail_9%3Fpsc%3D1%26pd_rd_i%3DB09CTHPQT5%26pd_rd_w%3DNmgqH%26pf_rd_p%3D9fd3ea7c-b77c-42ac-b43b-c872d3f37c38%26pd_rd_wg%3DzdwKP%26pf_rd_r%3DW8EJFZJZR9DGP0H0Z0NP%26pd_rd_r%3D79e0fff2-b0a2-4f0d-a05a-194daffc4e0e
58,practicalWs,"practicalWs 17.71''×236.2'' White/Gray Brick Pattern Wallpaper Self-Adhesive 3D Effect Wall Paper Peel and Stick Removable Vinyl Film for Home Decoration, Cover Furniture, Christmas Wall Decoration",4 out of 5,-,https://www.amazon.com/gp/slredirect/picassoRedirect.html/ref=sspa_dk_detail_9?ie=UTF8&adId=A00237536FNPPS8WFCQB&qualifier=1639236518&id=2041728757531760&widgetName=sp_detail&url=%2Fdp%2FB09CTHPQT5%2Fref%3Dsspa_dk_detail_9%3Fpsc%3D1%26pd_rd_i%3DB09CTHPQT5%26pd_rd_w%3DNmgqH%26pf_rd_p%3D9fd3ea7c-b77c-42ac-b43b-c872d3f37c38%26pd_rd_wg%3DzdwKP%26pf_rd_r%3DW8EJFZJZR9DGP0H0Z0NP%26pd_rd_r%3D79e0fff2-b0a2-4f0d-a05a-194daffc4e0e
59,NuWallpaper,"NuWallpaper NU3037 Summer Love Teal Peel & Stick, Multi-Color Wallpaper, Multicolor",4.8 out of 5,-,https://www.amazon.com/gp/slredirect/picassoRedirect.html/ref=sspa_dk_detail_9?ie=UTF8&adId=A00237536FNPPS8WFCQB&qualifier=1639236518&id=2041728757531760&widgetName=sp_detail&url=%2Fdp%2FB09CTHPQT5%2Fref%3Dsspa_dk_detail_9%3Fpsc%3D1%26pd_rd_i%3DB09CTHPQT5%26pd_rd_w%3DNmgqH%26pf_rd_p%3D9fd3ea7c-b77c-42ac-b43b-c872d3f37c38%26pd_rd_wg%3DzdwKP%26pf_rd_r%3DW8EJFZJZR9DGP0H0Z0NP%26pd_rd_r%3D79e0fff2-b0a2-4f0d-a05a-194daffc4e0e
60,"Dongguan Haok Home Decoration Co.,Ltd",HaokHome 92048-1 Peel and Stick Wood Plank Wallpaper Shiplap 17.7in x 9.8ft Grey Vinyl Self Adhesive Decorative,4.4 out of 5,-,https://www.amazon.com/gp/slredirect/picassoRedirect.html/ref=sspa_dk_detail_9?ie=UTF8&adId=A00237536FNPPS8WFCQB&qualifier=1639236518&id=2041728757531760&widgetName=sp_detail&url=%2Fdp%2FB09CTHPQT5%2Fref%3Dsspa_dk_detail_9%3Fpsc%3D1%26pd_rd_i%3DB09CTHPQT5%26pd_rd_w%3DNmgqH%26pf_rd_p%3D9fd3ea7c-b77c-42ac-b43b-c872d3f37c38%26pd_rd_wg%3DzdwKP%26pf_rd_r%3DW8EJFZJZR9DGP0H0Z0NP%26pd_rd_r%3D79e0fff2-b0a2-4f0d-a05a-194daffc4e0e
61,Mervercoy,"17.71"" x400""Marble Contact Paper Grey/White Wallpaper Marble Peel and Stick Countertops for Kitchen Waterproof Self Adhesive Marble Wallpaper Bathroom Cabinet Furniture Sticky Vinyl Wallpaper",3.9 out of 5,-,https://www.amazon.com/gp/slredirect/picassoRedirect.html/ref=sspa_dk_detail_9?ie=UTF8&adId=A00237536FNPPS8WFCQB&qualifier=1639236518&id=2041728757531760&widgetName=sp_detail&url=%2Fdp%2FB09CTHPQT5%2Fref%3Dsspa_dk_detail_9%3Fpsc%3D1%26pd_rd_i%3DB09CTHPQT5%26pd_rd_w%3DNmgqH%26pf_rd_p%3D9fd3ea7c-b77c-42ac-b43b-c872d3f37c38%26pd_rd_wg%3DzdwKP%26pf_rd_r%3DW8EJFZJZR9DGP0H0Z0NP%26pd_rd_r%3D79e0fff2-b0a2-4f0d-a05a-194daffc4e0e
62,NuWallpaper,NuWallpaper NU2927 Neutral Paradise Peel & Stick Wallpaper,4.6 out of 5,-,https://www.amazon.com/gp/slredirect/picassoRedirect.html/ref=sspa_dk_detail_9?ie=UTF8&adId=A00237536FNPPS8WFCQB&qualifier=1639236518&id=2041728757531760&widgetName=sp_detail&url=%2Fdp%2FB09CTHPQT5%2Fref%3Dsspa_dk_detail_9%3Fpsc%3D1%26pd_rd_i%3DB09CTHPQT5%26pd_rd_w%3DNmgqH%26pf_rd_p%3D9fd3ea7c-b77c-42ac-b43b-c872d3f37c38%26pd_rd_wg%3DzdwKP%26pf_rd_r%3DW8EJFZJZR9DGP0H0Z0NP%26pd_rd_r%3D79e0fff2-b0a2-4f0d-a05a-194daffc4e0e
63,Tempaper,"Tempaper Blue Moon Moire Dots Removable Peel and Stick Wallpaper, 20.5 in X 16.5 ft, Made in the USA",4 out of 5,-,https://www.amazon.com/gp/slredirect/picassoRedirect.html/ref=sspa_dk_detail_9?ie=UTF8&adId=A00237536FNPPS8WFCQB&qualifier=1639236518&id=2041728757531760&widgetName=sp_detail&url=%2Fdp%2FB09CTHPQT5%2Fref%3Dsspa_dk_detail_9%3Fpsc%3D1%26pd_rd_i%3DB09CTHPQT5%26pd_rd_w%3DNmgqH%26pf_rd_p%3D9fd3ea7c-b77c-42ac-b43b-c872d3f37c38%26pd_rd_wg%3DzdwKP%26pf_rd_r%3DW8EJFZJZR9DGP0H0Z0NP%26pd_rd_r%3D79e0fff2-b0a2-4f0d-a05a-194daffc4e0e
64,JLHOUSE,JLHOUSE Vinyl Geometric Wallpaper Stick & Peel Black and White Reomvable Wallpaper 17.7'' x 118'' Textured Decovative Waterproof Wall Paper Roll for Home Decor Livingroom Cabinets Shelves,No Rating,-,https://www.amazon.com/gp/slredirect/picassoRedirect.html/ref=sspa_dk_detail_9?ie=UTF8&adId=A00237536FNPPS8WFCQB&qualifier=1639236518&id=2041728757531760&widgetName=sp_detail&url=%2Fdp%2FB09CTHPQT5%2Fref%3Dsspa_dk_detail_9%3Fpsc%3D1%26pd_rd_i%3DB09CTHPQT5%26pd_rd_w%3DNmgqH%26pf_rd_p%3D9fd3ea7c-b77c-42ac-b43b-c872d3f37c38%26pd_rd_wg%3DzdwKP%26pf_rd_r%3DW8EJFZJZR9DGP0H0Z0NP%26pd_rd_r%3D79e0fff2-b0a2-4f0d-a05a-194daffc4e0e
65,Mervercoy,"24"" x118""Black Wood Wallpaper Peel and Stick Film Black Contact Paper Self Adhesive & Removable Wallpaper for Countertop Furniture Kitchen Cabinet Vinyl Wallpaper Thickening Upgrade Easy to Clean",4 out of 5,-,https://www.amazon.com/gp/slredirect/picassoRedirect.html/ref=sspa_dk_detail_9?ie=UTF8&adId=A00237536FNPPS8WFCQB&qualifier=1639236518&id=2041728757531760&widgetName=sp_detail&url=%2Fdp%2FB09CTHPQT5%2Fref%3Dsspa_dk_detail_9%3Fpsc%3D1%26pd_rd_i%3DB09CTHPQT5%26pd_rd_w%3DNmgqH%26pf_rd_p%3D9fd3ea7c-b77c-42ac-b43b-c872d3f37c38%26pd_rd_wg%3DzdwKP%26pf_rd_r%3DW8EJFZJZR9DGP0H0Z0NP%26pd_rd_r%3D79e0fff2-b0a2-4f0d-a05a-194daffc4e0e
66,"Jialixin Electronic Commerce Co., Ltd.",Vinyl Industry Style Brick Wallpaper Stick and Peel - self Adhesive Wallpaper Grey/Red for Kitchen Bedroom Living Room Walls -17.7inch x 118inch/Roll,1 out of 5,-,https://www.amazon.com/gp/slredirect/picassoRedirect.html/ref=sspa_dk_detail_9?ie=UTF8&adId=A00237536FNPPS8WFCQB&qualifier=1639236518&id=2041728757531760&widgetName=sp_detail&url=%2Fdp%2FB09CTHPQT5%2Fref%3Dsspa_dk_detail_9%3Fpsc%3D1%26pd_rd_i%3DB09CTHPQT5%26pd_rd_w%3DNmgqH%26pf_rd_p%3D9fd3ea7c-b77c-42ac-b43b-c872d3f37c38%26pd_rd_wg%3DzdwKP%26pf_rd_r%3DW8EJFZJZR9DGP0H0Z0NP%26pd_rd_r%3D79e0fff2-b0a2-4f0d-a05a-194daffc4e0e
67,FunStick,"FunStick 36"" x 200"" Large Matte Cream White Wallpaper Peel and Stick White Contact Paper for Cabinets Self Adhesive Thick White Vinyl Removable Wall Paper Stick and Peel for Bedroom Walls Kitchen Desk",4.2 out of 5,-,https://www.amazon.com/gp/slredirect/picassoRedirect.html/ref=sspa_dk_detail_9?ie=UTF8&adId=A00237536FNPPS8WFCQB&qualifier=1639236518&id=2041728757531760&widgetName=sp_detail&url=%2Fdp%2FB09CTHPQT5%2Fref%3Dsspa_dk_detail_9%3Fpsc%3D1%26pd_rd_i%3DB09CTHPQT5%26pd_rd_w%3DNmgqH%26pf_rd_p%3D9fd3ea7c-b77c-42ac-b43b-c872d3f37c38%26pd_rd_wg%3DzdwKP%26pf_rd_r%3DW8EJFZJZR9DGP0H0Z0NP%26pd_rd_r%3D79e0fff2-b0a2-4f0d-a05a-194daffc4e0e
68,Mervercoy,"17.71"" x400""Black Wood Wallpaper Peel and Stick Film Black Contact Paper Self Adhesive & Removable Wallpaper for Countertop Furniture Kitchen Cabinet Vinyl Wallpaper Thickening Upgrade Easy to Clean",4.4 out of 5,-,https://www.amazon.com/gp/slredirect/picassoRedirect.html/ref=sspa_dk_detail_9?ie=UTF8&adId=A00237536FNPPS8WFCQB&qualifier=1639236518&id=2041728757531760&widgetName=sp_detail&url=%2Fdp%2FB09CTHPQT5%2Fref%3Dsspa_dk_detail_9%3Fpsc%3D1%26pd_rd_i%3DB09CTHPQT5%26pd_rd_w%3DNmgqH%26pf_rd_p%3D9fd3ea7c-b77c-42ac-b43b-c872d3f37c38%26pd_rd_wg%3DzdwKP%26pf_rd_r%3DW8EJFZJZR9DGP0H0Z0NP%26pd_rd_r%3D79e0fff2-b0a2-4f0d-a05a-194daffc4e0e
69,cooldon,"Vintage Floral Peel and Stick Wallpaper Green Contact Paper Retro Self-Adhesive Rustic Wall Paper Rustic Flower Modern Removable Wallpaper Natural Bathroom Shelf Drawer 17.7"" x 472""",4.2 out of 5,-,https://www.amazon.com/gp/slredirect/picassoRedirect.html/ref=sspa_dk_detail_9?ie=UTF8&adId=A00237536FNPPS8WFCQB&qualifier=1639236518&id=2041728757531760&widgetName=sp_detail&url=%2Fdp%2FB09CTHPQT5%2Fref%3Dsspa_dk_detail_9%3Fpsc%3D1%26pd_rd_i%3DB09CTHPQT5%26pd_rd_w%3DNmgqH%26pf_rd_p%3D9fd3ea7c-b77c-42ac-b43b-c872d3f37c38%26pd_rd_wg%3DzdwKP%26pf_rd_r%3DW8EJFZJZR9DGP0H0Z0NP%26pd_rd_r%3D79e0fff2-b0a2-4f0d-a05a-194daffc4e0e
70,Livebor,Livebor White and Gold Peel and Stick Wallpaper Geometric Hexagon Wallpaper 17.7inchx 196.8inch Modern Stripe Wallpaper Peel and Stick Wall Paper Golden Contact Paper Self Adhesive Removable Wallpaper,4.4 out of 5,-,https://www.amazon.com/gp/slredirect/picassoRedirect.html/ref=sspa_dk_detail_9?ie=UTF8&adId=A00237536FNPPS8WFCQB&qualifier=1639236518&id=2041728757531760&widgetName=sp_detail&url=%2Fdp%2FB09CTHPQT5%2Fref%3Dsspa_dk_detail_9%3Fpsc%3D1%26pd_rd_i%3DB09CTHPQT5%26pd_rd_w%3DNmgqH%26pf_rd_p%3D9fd3ea7c-b77c-42ac-b43b-c872d3f37c38%26pd_rd_wg%3DzdwKP%26pf_rd_r%3DW8EJFZJZR9DGP0H0Z0NP%26pd_rd_r%3D79e0fff2-b0a2-4f0d-a05a-194daffc4e0e
71,Orang,Orainege Vintage Floral Wallpaper Peel and Stick Wallpaper Flowers Birds Removable Wallpaper 17.7inchx78.7inch Floral Decorative Wallpaper Yellow Contact Paper Vinyl Butterfly Self Adhesive Wall Paper,4.3 out of 5,-,https://www.amazon.com/gp/slredirect/picassoRedirect.html/ref=sspa_dk_detail_9?ie=UTF8&adId=A00237536FNPPS8WFCQB&qualifier=1639236518&id=2041728757531760&widgetName=sp_detail&url=%2Fdp%2FB09CTHPQT5%2Fref%3Dsspa_dk_detail_9%3Fpsc%3D1%26pd_rd_i%3DB09CTHPQT5%26pd_rd_w%3DNmgqH%26pf_rd_p%3D9fd3ea7c-b77c-42ac-b43b-c872d3f37c38%26pd_rd_wg%3DzdwKP%26pf_rd_r%3DW8EJFZJZR9DGP0H0Z0NP%26pd_rd_r%3D79e0fff2-b0a2-4f0d-a05a-194daffc4e0e
72,Tempaper,"Tempaper Dark Harbor Swell Removable Peel and Stick Wallpaper, 20.5 in X 16.5 ft, Made in The USA",3.9 out of 5,-,https://www.amazon.com/gp/slredirect/picassoRedirect.html/ref=sspa_dk_detail_9?ie=UTF8&adId=A00237536FNPPS8WFCQB&qualifier=1639236518&id=2041728757531760&widgetName=sp_detail&url=%2Fdp%2FB09CTHPQT5%2Fref%3Dsspa_dk_detail_9%3Fpsc%3D1%26pd_rd_i%3DB09CTHPQT5%26pd_rd_w%3DNmgqH%26pf_rd_p%3D9fd3ea7c-b77c-42ac-b43b-c872d3f37c38%26pd_rd_wg%3DzdwKP%26pf_rd_r%3DW8EJFZJZR9DGP0H0Z0NP%26pd_rd_r%3D79e0fff2-b0a2-4f0d-a05a-194daffc4e0e
73,FODAHRWS,Peel and Stick Wood Plank Wallpaper Shiplap 17.7in x 236in Tan Vinyl Self Adhesive Decorative Reclaimed Wood Look Wall Paper Rustic Wood Wall Covering Contact Paper Roll,4.6 out of 5,-,https://www.amazon.com/gp/slredirect/picassoRedirect.html/ref=sspa_dk_detail_9?ie=UTF8&adId=A00237536FNPPS8WFCQB&qualifier=1639236518&id=2041728757531760&widgetName=sp_detail&url=%2Fdp%2FB09CTHPQT5%2Fref%3Dsspa_dk_detail_9%3Fpsc%3D1%26pd_rd_i%3DB09CTHPQT5%26pd_rd_w%3DNmgqH%26pf_rd_p%3D9fd3ea7c-b77c-42ac-b43b-c872d3f37c38%26pd_rd_wg%3DzdwKP%26pf_rd_r%3DW8EJFZJZR9DGP0H0Z0NP%26pd_rd_r%3D79e0fff2-b0a2-4f0d-a05a-194daffc4e0e
74,GLOW4U,Decorative Dark Green Vintage Floral Peel and Stick Wallpaper Self Adhesive Vinyl Vintage Floral Shelf Liner Contact Paper for Cabinets Dressser Drawer Walls Furniture Removable 17.7X117 Inches,4.3 out of 5,-,https://www.amazon.com/gp/slredirect/picassoRedirect.html/ref=sspa_dk_detail_9?ie=UTF8&adId=A00237536FNPPS8WFCQB&qualifier=1639236518&id=2041728757531760&widgetName=sp_detail&url=%2Fdp%2FB09CTHPQT5%2Fref%3Dsspa_dk_detail_9%3Fpsc%3D1%26pd_rd_i%3DB09CTHPQT5%26pd_rd_w%3DNmgqH%26pf_rd_p%3D9fd3ea7c-b77c-42ac-b43b-c872d3f37c38%26pd_rd_wg%3DzdwKP%26pf_rd_r%3DW8EJFZJZR9DGP0H0Z0NP%26pd_rd_r%3D79e0fff2-b0a2-4f0d-a05a-194daffc4e0e
75,York Wallcoverings,RoomMates RMK11364WP Gray and White Tick Mark Peel and Stick Wallpaper,4.4 out of 5,-,https://www.amazon.com/gp/slredirect/picassoRedirect.html/ref=sspa_dk_detail_9?ie=UTF8&adId=A00237536FNPPS8WFCQB&qualifier=1639236518&id=2041728757531760&widgetName=sp_detail&url=%2Fdp%2FB09CTHPQT5%2Fref%3Dsspa_dk_detail_9%3Fpsc%3D1%26pd_rd_i%3DB09CTHPQT5%26pd_rd_w%3DNmgqH%26pf_rd_p%3D9fd3ea7c-b77c-42ac-b43b-c872d3f37c38%26pd_rd_wg%3DzdwKP%26pf_rd_r%3DW8EJFZJZR9DGP0H0Z0NP%26pd_rd_r%3D79e0fff2-b0a2-4f0d-a05a-194daffc4e0e
76,Brewster Wallcovering Co,NuWallpaper Wall Pops NU1412 Gray Woods Peel and Stick Peel & Stick Wallpaper,4.7 out of 5,-,https://www.amazon.com/gp/slredirect/picassoRedirect.html/ref=sspa_dk_detail_9?ie=UTF8&adId=A00237536FNPPS8WFCQB&qualifier=1639236518&id=2041728757531760&widgetName=sp_detail&url=%2Fdp%2FB09CTHPQT5%2Fref%3Dsspa_dk_detail_9%3Fpsc%3D1%26pd_rd_i%3DB09CTHPQT5%26pd_rd_w%3DNmgqH%26pf_rd_p%3D9fd3ea7c-b77c-42ac-b43b-c872d3f37c38%26pd_rd_wg%3DzdwKP%26pf_rd_r%3DW8EJFZJZR9DGP0H0Z0NP%26pd_rd_r%3D79e0fff2-b0a2-4f0d-a05a-194daffc4e0e
77,Livebor,Livebor Black and White Peel and Stick Backsplash Kitchen Wallpaper 11.8inchx78.7inch Bathroom Wallpaper for Kitchen Backsplash Waterproof Contact Paper Countertop Removable Self Adhesive Wallpaper,4.2 out of 5,-,https://www.amazon.com/gp/slredirect/picassoRedirect.html/ref=sspa_dk_detail_9?ie=UTF8&adId=A00237536FNPPS8WFCQB&qualifier=1639236518&id=2041728757531760&widgetName=sp_detail&url=%2Fdp%2FB09CTHPQT5%2Fref%3Dsspa_dk_detail_9%3Fpsc%3D1%26pd_rd_i%3DB09CTHPQT5%26pd_rd_w%3DNmgqH%26pf_rd_p%3D9fd3ea7c-b77c-42ac-b43b-c872d3f37c38%26pd_rd_wg%3DzdwKP%26pf_rd_r%3DW8EJFZJZR9DGP0H0Z0NP%26pd_rd_r%3D79e0fff2-b0a2-4f0d-a05a-194daffc4e0e
78,York Wallcoverings,RoomMates RMK11268WP Blue and Metallic Gold Fracture Peel and Stick Wallpaper,4.4 out of 5,-,https://www.amazon.com/gp/slredirect/picassoRedirect.html/ref=sspa_dk_detail_9?ie=UTF8&adId=A00237536FNPPS8WFCQB&qualifier=1639236518&id=2041728757531760&widgetName=sp_detail&url=%2Fdp%2FB09CTHPQT5%2Fref%3Dsspa_dk_detail_9%3Fpsc%3D1%26pd_rd_i%3DB09CTHPQT5%26pd_rd_w%3DNmgqH%26pf_rd_p%3D9fd3ea7c-b77c-42ac-b43b-c872d3f37c38%26pd_rd_wg%3DzdwKP%26pf_rd_r%3DW8EJFZJZR9DGP0H0Z0NP%26pd_rd_r%3D79e0fff2-b0a2-4f0d-a05a-194daffc4e0e
79,-,"Yancorp 18"" x 120"" Self-Adhesive Brick Wallpaper Rust Red Brown Paper Fireplace Backdrop Peel and Stick Wall Decor Stick on Door Countertop Liners",4.2 out of 5,-,https://www.amazon.com/gp/slredirect/picassoRedirect.html/ref=sspa_dk_detail_9?ie=UTF8&adId=A00237536FNPPS8WFCQB&qualifier=1639236518&id=2041728757531760&widgetName=sp_detail&url=%2Fdp%2FB09CTHPQT5%2Fref%3Dsspa_dk_detail_9%3Fpsc%3D1%26pd_rd_i%3DB09CTHPQT5%26pd_rd_w%3DNmgqH%26pf_rd_p%3D9fd3ea7c-b77c-42ac-b43b-c872d3f37c38%26pd_rd_wg%3DzdwKP%26pf_rd_r%3DW8EJFZJZR9DGP0H0Z0NP%26pd_rd_r%3D79e0fff2-b0a2-4f0d-a05a-194daffc4e0e
80,York Wallcoverings,RoomMates RMK11209WP White Tin Tile Metallic Accent Peel and Stick Wallpaper,4.3 out of 5,-,https://www.amazon.com/gp/slredirect/picassoRedirect.html/ref=sspa_dk_detail_9?ie=UTF8&adId=A00237536FNPPS8WFCQB&qualifier=1639236518&id=2041728757531760&widgetName=sp_detail&url=%2Fdp%2FB09CTHPQT5%2Fref%3Dsspa_dk_detail_9%3Fpsc%3D1%26pd_rd_i%3DB09CTHPQT5%26pd_rd_w%3DNmgqH%26pf_rd_p%3D9fd3ea7c-b77c-42ac-b43b-c872d3f37c38%26pd_rd_wg%3DzdwKP%26pf_rd_r%3DW8EJFZJZR9DGP0H0Z0NP%26pd_rd_r%3D79e0fff2-b0a2-4f0d-a05a-194daffc4e0e
81,York Wallcoverings,RoomMates RMK11235WP Neutral Watercolor Floral Peel and Stick Wallpaper,4.5 out of 5,-,https://www.amazon.com/gp/slredirect/picassoRedirect.html/ref=sspa_dk_detail_9?ie=UTF8&adId=A00237536FNPPS8WFCQB&qualifier=1639236518&id=2041728757531760&widgetName=sp_detail&url=%2Fdp%2FB09CTHPQT5%2Fref%3Dsspa_dk_detail_9%3Fpsc%3D1%26pd_rd_i%3DB09CTHPQT5%26pd_rd_w%3DNmgqH%26pf_rd_p%3D9fd3ea7c-b77c-42ac-b43b-c872d3f37c38%26pd_rd_wg%3DzdwKP%26pf_rd_r%3DW8EJFZJZR9DGP0H0Z0NP%26pd_rd_r%3D79e0fff2-b0a2-4f0d-a05a-194daffc4e0e
82,"Jialixin Electronic Commerce Co., Ltd.",Vinyl Brick Stick and Peel Wallpaper Self Adhesive Vintage Wallpaper Prepasted Colorful for Bedroom Living Room Walls 17.7inch x 118inch/Roll,3.6 out of 5,-,https://www.amazon.com/gp/slredirect/picassoRedirect.html/ref=sspa_dk_detail_9?ie=UTF8&adId=A00237536FNPPS8WFCQB&qualifier=1639236518&id=2041728757531760&widgetName=sp_detail&url=%2Fdp%2FB09CTHPQT5%2Fref%3Dsspa_dk_detail_9%3Fpsc%3D1%26pd_rd_i%3DB09CTHPQT5%26pd_rd_w%3DNmgqH%26pf_rd_p%3D9fd3ea7c-b77c-42ac-b43b-c872d3f37c38%26pd_rd_wg%3DzdwKP%26pf_rd_r%3DW8EJFZJZR9DGP0H0Z0NP%26pd_rd_r%3D79e0fff2-b0a2-4f0d-a05a-194daffc4e0e
83,LXCREAT,Peel and Stick Wallpaper Thicken Brick Wallpaper 15.7in X 118in 3D Faux Brick Wall Paper Self Adhesive Red Faux Brick Wallpaper Home Decoration for Kitchen Cabinets Backsplash Fireplace,No Rating,-,https://www.amazon.com/gp/slredirect/picassoRedirect.html/ref=sspa_dk_detail_9?ie=UTF8&adId=A00237536FNPPS8WFCQB&qualifier=1639236518&id=2041728757531760&widgetName=sp_detail&url=%2Fdp%2FB09CTHPQT5%2Fref%3Dsspa_dk_detail_9%3Fpsc%3D1%26pd_rd_i%3DB09CTHPQT5%26pd_rd_w%3DNmgqH%26pf_rd_p%3D9fd3ea7c-b77c-42ac-b43b-c872d3f37c38%26pd_rd_wg%3DzdwKP%26pf_rd_r%3DW8EJFZJZR9DGP0H0Z0NP%26pd_rd_r%3D79e0fff2-b0a2-4f0d-a05a-194daffc4e0e
84,JLHOUSE,JLHOUSE Vinyl Wallpaper Peel and Stick Brown Marble Granite Paper 40cm x 300cm Self Adhesive Countertop Marble Granite or Kitchen Cabinet Waterproof Removable Wall Paper Decorative for Home Decor,No Rating,-,https://www.amazon.com/gp/slredirect/picassoRedirect.html/ref=sspa_dk_detail_9?ie=UTF8&adId=A00237536FNPPS8WFCQB&qualifier=1639236518&id=2041728757531760&widgetName=sp_detail&url=%2Fdp%2FB09CTHPQT5%2Fref%3Dsspa_dk_detail_9%3Fpsc%3D1%26pd_rd_i%3DB09CTHPQT5%26pd_rd_w%3DNmgqH%26pf_rd_p%3D9fd3ea7c-b77c-42ac-b43b-c872d3f37c38%26pd_rd_wg%3DzdwKP%26pf_rd_r%3DW8EJFZJZR9DGP0H0Z0NP%26pd_rd_r%3D79e0fff2-b0a2-4f0d-a05a-194daffc4e0e
85,practicalWs,Peel and Stick Contact Paper Self Adhesive & Removable Wallpaper 17.7''×157'' Black and White Modern Stripe Vinyl Boho Wallpaper Decorative Wall Covering Easy to Line Up for Bedroom Backsplash,4.4 out of 5,-,https://www.amazon.com/gp/slredirect/picassoRedirect.html/ref=sspa_dk_detail_9?ie=UTF8&adId=A00237536FNPPS8WFCQB&qualifier=1639236518&id=2041728757531760&widgetName=sp_detail&url=%2Fdp%2FB09CTHPQT5%2Fref%3Dsspa_dk_detail_9%3Fpsc%3D1%26pd_rd_i%3DB09CTHPQT5%26pd_rd_w%3DNmgqH%26pf_rd_p%3D9fd3ea7c-b77c-42ac-b43b-c872d3f37c38%26pd_rd_wg%3DzdwKP%26pf_rd_r%3DW8EJFZJZR9DGP0H0Z0NP%26pd_rd_r%3D79e0fff2-b0a2-4f0d-a05a-194daffc4e0e
86,Tempaper,"Tempaper Black Linen Grasscloth Removable Peel and Stick Wallpaper, 20.5 in X 16.5 ft, Made in the USA",3.6 out of 5,-,https://www.amazon.com/gp/slredirect/picassoRedirect.html/ref=sspa_dk_detail_9?ie=UTF8&adId=A00237536FNPPS8WFCQB&qualifier=1639236518&id=2041728757531760&widgetName=sp_detail&url=%2Fdp%2FB09CTHPQT5%2Fref%3Dsspa_dk_detail_9%3Fpsc%3D1%26pd_rd_i%3DB09CTHPQT5%26pd_rd_w%3DNmgqH%26pf_rd_p%3D9fd3ea7c-b77c-42ac-b43b-c872d3f37c38%26pd_rd_wg%3DzdwKP%26pf_rd_r%3DW8EJFZJZR9DGP0H0Z0NP%26pd_rd_r%3D79e0fff2-b0a2-4f0d-a05a-194daffc4e0e
87,LXCREAT,LXCREAT Removable Wallpaper Forgiving Blue/White Stripes Peel and Stick Wallpaper 17.71 in X 118 in Modern Self Adhesive Vinyl for Home Renovation,4.3 out of 5,-,https://www.amazon.com/gp/slredirect/picassoRedirect.html/ref=sspa_dk_detail_9?ie=UTF8&adId=A00237536FNPPS8WFCQB&qualifier=1639236518&id=2041728757531760&widgetName=sp_detail&url=%2Fdp%2FB09CTHPQT5%2Fref%3Dsspa_dk_detail_9%3Fpsc%3D1%26pd_rd_i%3DB09CTHPQT5%26pd_rd_w%3DNmgqH%26pf_rd_p%3D9fd3ea7c-b77c-42ac-b43b-c872d3f37c38%26pd_rd_wg%3DzdwKP%26pf_rd_r%3DW8EJFZJZR9DGP0H0Z0NP%26pd_rd_r%3D79e0fff2-b0a2-4f0d-a05a-194daffc4e0e
88,Yancorp,"Yancorp White Gray Brick Wallpaper Grey Self-Adhesive Paper Home Decoration Peel and Stick Backsplash Wall Panel Door Christmas Decor (18""x120"")",4.2 out of 5,-,https://www.amazon.com/gp/slredirect/picassoRedirect.html/ref=sspa_dk_detail_9?ie=UTF8&adId=A00237536FNPPS8WFCQB&qualifier=1639236518&id=2041728757531760&widgetName=sp_detail&url=%2Fdp%2FB09CTHPQT5%2Fref%3Dsspa_dk_detail_9%3Fpsc%3D1%26pd_rd_i%3DB09CTHPQT5%26pd_rd_w%3DNmgqH%26pf_rd_p%3D9fd3ea7c-b77c-42ac-b43b-c872d3f37c38%26pd_rd_wg%3DzdwKP%26pf_rd_r%3DW8EJFZJZR9DGP0H0Z0NP%26pd_rd_r%3D79e0fff2-b0a2-4f0d-a05a-194daffc4e0e
89,"Dongguan Haok Home Decoration Co.,Ltd",HaokHome 93092 Peel and Stick Wallpaper Floral White/Green/Orange Removable Bedroom Nursery Wall Decorations 17.7in x 118in,3.8 out of 5,-,https://www.amazon.com/gp/slredirect/picassoRedirect.html/ref=sspa_dk_detail_9?ie=UTF8&adId=A00237536FNPPS8WFCQB&qualifier=1639236518&id=2041728757531760&widgetName=sp_detail&url=%2Fdp%2FB09CTHPQT5%2Fref%3Dsspa_dk_detail_9%3Fpsc%3D1%26pd_rd_i%3DB09CTHPQT5%26pd_rd_w%3DNmgqH%26pf_rd_p%3D9fd3ea7c-b77c-42ac-b43b-c872d3f37c38%26pd_rd_wg%3DzdwKP%26pf_rd_r%3DW8EJFZJZR9DGP0H0Z0NP%26pd_rd_r%3D79e0fff2-b0a2-4f0d-a05a-194daffc4e0e
90,HAOKHOME/浩克,MS magic Vintage Gray Brick Wallpaper Self Adhesive Film Brick Peel and Stick Wallpaper Brick Faux Textured Wallpaper Stone Look Wallpaper,4.4 out of 5,-,https://www.amazon.com/gp/slredirect/picassoRedirect.html/ref=sspa_dk_detail_9?ie=UTF8&adId=A00237536FNPPS8WFCQB&qualifier=1639236518&id=2041728757531760&widgetName=sp_detail&url=%2Fdp%2FB09CTHPQT5%2Fref%3Dsspa_dk_detail_9%3Fpsc%3D1%26pd_rd_i%3DB09CTHPQT5%26pd_rd_w%3DNmgqH%26pf_rd_p%3D9fd3ea7c-b77c-42ac-b43b-c872d3f37c38%26pd_rd_wg%3DzdwKP%26pf_rd_r%3DW8EJFZJZR9DGP0H0Z0NP%26pd_rd_r%3D79e0fff2-b0a2-4f0d-a05a-194daffc4e0e
91,Dimoon,Dimoon Wallpaper 17.7’’x78.7’’ Contact Paper Thicken Blue White Wallpaper Floral Flower White Blue Tile Peel and Stick Wallpaper Removable Wall Paper Waterproof Embossed Self Adhesive Wallpaper Vinyl,4.4 out of 5,-,https://www.amazon.com/gp/slredirect/picassoRedirect.html/ref=sspa_dk_detail_9?ie=UTF8&adId=A00237536FNPPS8WFCQB&qualifier=1639236518&id=2041728757531760&widgetName=sp_detail&url=%2Fdp%2FB09CTHPQT5%2Fref%3Dsspa_dk_detail_9%3Fpsc%3D1%26pd_rd_i%3DB09CTHPQT5%26pd_rd_w%3DNmgqH%26pf_rd_p%3D9fd3ea7c-b77c-42ac-b43b-c872d3f37c38%26pd_rd_wg%3DzdwKP%26pf_rd_r%3DW8EJFZJZR9DGP0H0Z0NP%26pd_rd_r%3D79e0fff2-b0a2-4f0d-a05a-194daffc4e0e
92,NuWallpaper,"NuWallpaper NUS3562 Navy Saybrook Peel & Stick Wallpaper, Blues",4.3 out of 5,-,https://www.amazon.com/gp/slredirect/picassoRedirect.html/ref=sspa_dk_detail_9?ie=UTF8&adId=A00237536FNPPS8WFCQB&qualifier=1639236518&id=2041728757531760&widgetName=sp_detail&url=%2Fdp%2FB09CTHPQT5%2Fref%3Dsspa_dk_detail_9%3Fpsc%3D1%26pd_rd_i%3DB09CTHPQT5%26pd_rd_w%3DNmgqH%26pf_rd_p%3D9fd3ea7c-b77c-42ac-b43b-c872d3f37c38%26pd_rd_wg%3DzdwKP%26pf_rd_r%3DW8EJFZJZR9DGP0H0Z0NP%26pd_rd_r%3D79e0fff2-b0a2-4f0d-a05a-194daffc4e0e
93,auxua,"auxua Peel and Stick Wallpaper 17.7""x118"" Wood Grain Contact Paper Self Adhesive Gray Vinyl Film Rustic Stick on Waterproof for Bathroom Bedroom",3.9 out of 5,-,https://www.amazon.com/gp/slredirect/picassoRedirect.html/ref=sspa_dk_detail_9?ie=UTF8&adId=A00237536FNPPS8WFCQB&qualifier=1639236518&id=2041728757531760&widgetName=sp_detail&url=%2Fdp%2FB09CTHPQT5%2Fref%3Dsspa_dk_detail_9%3Fpsc%3D1%26pd_rd_i%3DB09CTHPQT5%26pd_rd_w%3DNmgqH%26pf_rd_p%3D9fd3ea7c-b77c-42ac-b43b-c872d3f37c38%26pd_rd_wg%3DzdwKP%26pf_rd_r%3DW8EJFZJZR9DGP0H0Z0NP%26pd_rd_r%3D79e0fff2-b0a2-4f0d-a05a-194daffc4e0e
94,"Dongguan Haok Home Decoration Co.,Ltd",HaokHome 93122 Watercolor Rose Floral Peel and Stick Wallpaper Leaf Vintage White/Fushia/Green Removable Wall Decorations 17.7in x 118in,No Rating,-,https://www.amazon.com/gp/slredirect/picassoRedirect.html/ref=sspa_dk_detail_9?ie=UTF8&adId=A00237536FNPPS8WFCQB&qualifier=1639236518&id=2041728757531760&widgetName=sp_detail&url=%2Fdp%2FB09CTHPQT5%2Fref%3Dsspa_dk_detail_9%3Fpsc%3D1%26pd_rd_i%3DB09CTHPQT5%26pd_rd_w%3DNmgqH%26pf_rd_p%3D9fd3ea7c-b77c-42ac-b43b-c872d3f37c38%26pd_rd_wg%3DzdwKP%26pf_rd_r%3DW8EJFZJZR9DGP0H0Z0NP%26pd_rd_r%3D79e0fff2-b0a2-4f0d-a05a-194daffc4e0e
95,NuWallpaper,NuWallpaper NU2918 Navy Poplin Texture Peel & Stick Wallpaper,4.6 out of 5,-,https://www.amazon.com/gp/slredirect/picassoRedirect.html/ref=sspa_dk_detail_9?ie=UTF8&adId=A00237536FNPPS8WFCQB&qualifier=1639236518&id=2041728757531760&widgetName=sp_detail&url=%2Fdp%2FB09CTHPQT5%2Fref%3Dsspa_dk_detail_9%3Fpsc%3D1%26pd_rd_i%3DB09CTHPQT5%26pd_rd_w%3DNmgqH%26pf_rd_p%3D9fd3ea7c-b77c-42ac-b43b-c872d3f37c38%26pd_rd_wg%3DzdwKP%26pf_rd_r%3DW8EJFZJZR9DGP0H0Z0NP%26pd_rd_r%3D79e0fff2-b0a2-4f0d-a05a-194daffc4e0e
96,tiltil,"Black Wood Wallpaper - Peel and Stick Wallpaper Wood – Black Wood Self-Adhesive & Removable Wallpaper for Countertop Furniture Kitchen Wall, Realistic Wood Sensation, Easy to Clean, 17.7” ×197”Vinyl",4.3 out of 5,-,https://www.amazon.com/gp/slredirect/picassoRedirect.html/ref=sspa_dk_detail_9?ie=UTF8&adId=A00237536FNPPS8WFCQB&qualifier=1639236518&id=2041728757531760&widgetName=sp_detail&url=%2Fdp%2FB09CTHPQT5%2Fref%3Dsspa_dk_detail_9%3Fpsc%3D1%26pd_rd_i%3DB09CTHPQT5%26pd_rd_w%3DNmgqH%26pf_rd_p%3D9fd3ea7c-b77c-42ac-b43b-c872d3f37c38%26pd_rd_wg%3DzdwKP%26pf_rd_r%3DW8EJFZJZR9DGP0H0Z0NP%26pd_rd_r%3D79e0fff2-b0a2-4f0d-a05a-194daffc4e0e
97,-,SHRAPHY Maple Leaf Tapestry 80x60 Inches Modern Art Colorful Painting Tapestries for Bedroom Living Room Dormitory Office Wallpaper GTLLSH60,No Rating,-,https://www.amazon.com/gp/slredirect/picassoRedirect.html/ref=sspa_dk_detail_9?ie=UTF8&adId=A00237536FNPPS8WFCQB&qualifier=1639236518&id=2041728757531760&widgetName=sp_detail&url=%2Fdp%2FB09CTHPQT5%2Fref%3Dsspa_dk_detail_9%3Fpsc%3D1%26pd_rd_i%3DB09CTHPQT5%26pd_rd_w%3DNmgqH%26pf_rd_p%3D9fd3ea7c-b77c-42ac-b43b-c872d3f37c38%26pd_rd_wg%3DzdwKP%26pf_rd_r%3DW8EJFZJZR9DGP0H0Z0NP%26pd_rd_r%3D79e0fff2-b0a2-4f0d-a05a-194daffc4e0e
98,Hopepak,Hopepak Tile Peel and Stick Wallpaper Thick Colorful Decorative Brick Contact Paper Removable Wall Paper 120”×17.7” Brick Self-Adhesive Waterproof Vinyl Paper for Bathroom Kitchen Backsplash,4.1 out of 5,-,https://www.amazon.com/gp/slredirect/picassoRedirect.html/ref=sspa_dk_detail_9?ie=UTF8&adId=A00237536FNPPS8WFCQB&qualifier=1639236518&id=2041728757531760&widgetName=sp_detail&url=%2Fdp%2FB09CTHPQT5%2Fref%3Dsspa_dk_detail_9%3Fpsc%3D1%26pd_rd_i%3DB09CTHPQT5%26pd_rd_w%3DNmgqH%26pf_rd_p%3D9fd3ea7c-b77c-42ac-b43b-c872d3f37c38%26pd_rd_wg%3DzdwKP%26pf_rd_r%3DW8EJFZJZR9DGP0H0Z0NP%26pd_rd_r%3D79e0fff2-b0a2-4f0d-a05a-194daffc4e0e
99,Dimoon,"Dimoon Wallpaper78.7""x17.7"" Green Peel and Stick Wallpaper Light Green Contact Paper Solid Pure Green Self Adhesive Wallpaper Removable Wallpaper Green Wall Paper Textured Shelf Drawer Vinyl Roll",4 out of 5,-,https://www.amazon.com/gp/slredirect/picassoRedirect.html/ref=sspa_dk_detail_9?ie=UTF8&adId=A00237536FNPPS8WFCQB&qualifier=1639236518&id=2041728757531760&widgetName=sp_detail&url=%2Fdp%2FB09CTHPQT5%2Fref%3Dsspa_dk_detail_9%3Fpsc%3D1%26pd_rd_i%3DB09CTHPQT5%26pd_rd_w%3DNmgqH%26pf_rd_p%3D9fd3ea7c-b77c-42ac-b43b-c872d3f37c38%26pd_rd_wg%3DzdwKP%26pf_rd_r%3DW8EJFZJZR9DGP0H0Z0NP%26pd_rd_r%3D79e0fff2-b0a2-4f0d-a05a-194daffc4e0e
100,Abyssaly,Abyssaly 23.6 Inch X 118 Inch Black Wood Wallpaper Decorative Self-Adhesive Film Furniture Real Wood Tactile Sensation Surfaces Easy to Clean,4.3 out of 5,-,https://www.amazon.com/gp/slredirect/picassoRedirect.html/ref=sspa_dk_detail_9?ie=UTF8&adId=A00237536FNPPS8WFCQB&qualifier=1639236518&id=2041728757531760&widgetName=sp_detail&url=%2Fdp%2FB09CTHPQT5%2Fref%3Dsspa_dk_detail_9%3Fpsc%3D1%26pd_rd_i%3DB09CTHPQT5%26pd_rd_w%3DNmgqH%26pf_rd_p%3D9fd3ea7c-b77c-42ac-b43b-c872d3f37c38%26pd_rd_wg%3DzdwKP%26pf_rd_r%3DW8EJFZJZR9DGP0H0Z0NP%26pd_rd_r%3D79e0fff2-b0a2-4f0d-a05a-194daffc4e0e
101,-,"Blue Peel and Stick Paper 17.71 in X 118 in Wallpaper Decorative Self-Adhesive Film for Smooth Surfaces, Multiple Colors, Decorative Refurbishment for Rooms and Old Objects",4.2 out of 5,-,https://www.amazon.com/gp/slredirect/picassoRedirect.html/ref=sspa_dk_detail_9?ie=UTF8&adId=A00237536FNPPS8WFCQB&qualifier=1639236518&id=2041728757531760&widgetName=sp_detail&url=%2Fdp%2FB09CTHPQT5%2Fref%3Dsspa_dk_detail_9%3Fpsc%3D1%26pd_rd_i%3DB09CTHPQT5%26pd_rd_w%3DNmgqH%26pf_rd_p%3D9fd3ea7c-b77c-42ac-b43b-c872d3f37c38%26pd_rd_wg%3DzdwKP%26pf_rd_r%3DW8EJFZJZR9DGP0H0Z0NP%26pd_rd_r%3D79e0fff2-b0a2-4f0d-a05a-194daffc4e0e
102,Sedfzo,"17.71in X 197in Vinyl Wallpaper, 3D Texture Touch + Vision, Super Thick PVC Green Wood Grain Wallpaper Vinyl Wallpaper, Easy to Install and Detach, Suitable for Kitchen, Bedroom, Home, etc.",4.3 out of 5,-,https://www.amazon.com/gp/slredirect/picassoRedirect.html/ref=sspa_dk_detail_9?ie=UTF8&adId=A00237536FNPPS8WFCQB&qualifier=1639236518&id=2041728757531760&widgetName=sp_detail&url=%2Fdp%2FB09CTHPQT5%2Fref%3Dsspa_dk_detail_9%3Fpsc%3D1%26pd_rd_i%3DB09CTHPQT5%26pd_rd_w%3DNmgqH%26pf_rd_p%3D9fd3ea7c-b77c-42ac-b43b-c872d3f37c38%26pd_rd_wg%3DzdwKP%26pf_rd_r%3DW8EJFZJZR9DGP0H0Z0NP%26pd_rd_r%3D79e0fff2-b0a2-4f0d-a05a-194daffc4e0e
103,"Dongguan Haok Home Decoration Co.,Ltd",HaokHome 93106 Vintage Floral Peel and Stick Wallpaper for Bedroom Black/Bronze/Navy/White Removable Accent Wall Decorations 17.7in x 118in,3.8 out of 5,-,https://www.amazon.com/gp/slredirect/picassoRedirect.html/ref=sspa_dk_detail_9?ie=UTF8&adId=A00237536FNPPS8WFCQB&qualifier=1639236518&id=2041728757531760&widgetName=sp_detail&url=%2Fdp%2FB09CTHPQT5%2Fref%3Dsspa_dk_detail_9%3Fpsc%3D1%26pd_rd_i%3DB09CTHPQT5%26pd_rd_w%3DNmgqH%26pf_rd_p%3D9fd3ea7c-b77c-42ac-b43b-c872d3f37c38%26pd_rd_wg%3DzdwKP%26pf_rd_r%3DW8EJFZJZR9DGP0H0Z0NP%26pd_rd_r%3D79e0fff2-b0a2-4f0d-a05a-194daffc4e0e
